user_id,latitude,longtitude,timestamp
073,40.0535233,116.6081216,2008-06-19 04:12:12
073,40.0535883,116.6081299,2008-06-19 04:12:13
073,40.0535299,116.6081566,2008-06-19 04:12:15
073,40.0529566,116.6082449,2008-06-19 04:12:19
073,40.05251,116.6083466,2008-06-19 04:12:24
073,40.0524116,116.6083833,2008-06-19 04:12:26
073,40.0523349,116.6084033,2008-06-19 04:12:28
073,40.0523349,116.6084466,2008-06-19 04:12:30
073,40.0522799,116.6081433,2008-06-19 04:13:53
073,40.0523033,116.6081749,2008-06-19 04:13:55
073,40.0523233,116.6082133,2008-06-19 04:13:57
073,40.0522399,116.60835,2008-06-19 04:13:59
073,40.0522749,116.6084366,2008-06-19 04:14:01
073,40.0523183,116.6085116,2008-06-19 04:14:03
073,40.05234,116.6086016,2008-06-19 04:14:05
073,40.0524266,116.6086399,2008-06-19 04:14:07
073,40.0524833,116.6086616,2008-06-19 04:14:09
073,40.05253,116.6086633,2008-06-19 04:14:11
073,40.0525766,116.60863,2008-06-19 04:14:13
073,40.0525766,116.6085516,2008-06-19 04:14:15
073,40.0525616,116.6084733,2008-06-19 04:14:17
073,40.0524566,116.6083566,2008-06-19 04:14:19
073,40.0524116,116.6082916,2008-06-19 04:14:21
073,40.0522416,116.6079916,2008-06-19 04:14:25
073,40.0521866,116.6079066,2008-06-19 04:14:27
073,40.0521633,116.607805,2008-06-19 04:14:29
073,40.0522033,116.6076549,2008-06-19 04:14:31
073,40.0522683,116.6075999,2008-06-19 04:14:33
073,40.0523349,116.6075283,2008-06-19 04:14:37
073,40.0525933,116.6074516,2008-06-19 04:14:46
073,40.0527783,116.6074499,2008-06-19 04:14:48
073,40.0529233,116.6074749,2008-06-19 04:14:50
073,40.0530166,116.6075166,2008-06-19 04:14:52
073,40.0530699,116.6076283,2008-06-19 04:14:54
073,40.0531383,116.6076983,2008-06-19 04:14:56
073,40.0531983,116.6077683,2008-06-19 04:14:58
073,40.0532566,116.6078432,2008-06-19 04:15:00
073,40.0533099,116.607875,2008-06-19 04:15:02
073,40.0527133,116.6084483,2008-06-19 04:15:11
073,40.0523766,116.6083883,2008-06-19 04:15:15
073,40.052285,116.6083749,2008-06-19 04:15:17
073,40.0522583,116.6084083,2008-06-19 04:15:19
073,40.0522299,116.608435,2008-06-19 04:15:21
073,40.0522016,116.6084416,2008-06-19 04:15:23
073,40.0522166,116.6084549,2008-06-19 04:15:25
073,40.052185,116.6084549,2008-06-19 04:15:27
073,40.052115,116.6084766,2008-06-19 04:15:31
073,40.0521183,116.60849,2008-06-19 04:15:33
073,40.0521166,116.6084999,2008-06-19 04:15:37
073,40.052045,116.6084516,2008-06-19 04:15:41
073,40.05186,116.6083333,2008-06-19 04:15:45
073,40.051825,116.6082866,2008-06-19 04:15:47
073,40.05184,116.6082516,2008-06-19 04:15:49
073,40.05189,116.6082333,2008-06-19 04:15:51
073,40.0519583,116.6082416,2008-06-19 04:15:53
073,40.0520216,116.6082749,2008-06-19 04:15:55
073,40.052095,116.6082632,2008-06-19 04:15:59
073,40.052095,116.6082632,2008-06-19 04:16:01
073,40.052095,116.6082666,2008-06-19 04:16:03
073,40.0521116,116.608265,2008-06-19 04:16:07
073,40.0521233,116.6082733,2008-06-19 04:16:11
073,40.0521233,116.6082733,2008-06-19 04:16:15
073,40.0521233,116.6082733,2008-06-19 04:16:19
073,40.0521233,116.6082733,2008-06-19 04:16:23
073,40.0521233,116.6082733,2008-06-19 04:16:25
073,40.0521316,116.6082683,2008-06-19 04:16:27
073,40.0521366,116.6082566,2008-06-19 04:16:31
073,40.0521366,116.6082566,2008-06-19 04:16:35
073,40.0521366,116.6082566,2008-06-19 04:16:39
073,40.0521399,116.6082483,2008-06-19 04:16:43
073,40.0521483,116.6082399,2008-06-19 04:16:45
073,40.0521533,116.6082549,2008-06-19 04:16:47
073,40.0521733,116.60828,2008-06-19 04:16:51
073,40.052185,116.6082782,2008-06-19 04:16:53
073,40.0521866,116.6082383,2008-06-19 04:16:57
073,40.0522316,116.6081833,2008-06-19 04:17:01
073,40.0522516,116.6081566,2008-06-19 04:17:03
073,40.0522733,116.6081333,2008-06-19 04:17:05
073,40.0523133,116.6080999,2008-06-19 04:17:07
073,40.0523533,116.6080666,2008-06-19 04:17:09
073,40.05239,116.6080449,2008-06-19 04:17:11
073,40.0524033,116.6080749,2008-06-19 04:17:13
073,40.0524183,116.6080983,2008-06-19 04:17:15
073,40.0524033,116.608085,2008-06-19 04:17:17
073,40.0523466,116.6080366,2008-06-19 04:17:19
073,40.05229,116.6079832,2008-06-19 04:17:21
073,40.0522233,116.60793,2008-06-19 04:17:25
073,40.0522233,116.60793,2008-06-19 04:17:29
073,40.0522249,116.60793,2008-06-19 04:17:33
073,40.0522249,116.60793,2008-06-19 04:17:37
073,40.0522249,116.60793,2008-06-19 04:17:41
073,40.0522249,116.60793,2008-06-19 04:17:45
073,40.0522249,116.60793,2008-06-19 04:17:49
073,40.0522249,116.60793,2008-06-19 04:17:53
073,40.0522249,116.60793,2008-06-19 04:17:55
073,40.0522266,116.6079349,2008-06-19 04:17:57
073,40.052235,116.6079816,2008-06-19 04:18:01
073,40.052235,116.6080466,2008-06-19 04:18:03
073,40.0522416,116.6081283,2008-06-19 04:18:05
073,40.05225,116.6082082,2008-06-19 04:18:07
073,40.0522733,116.60828,2008-06-19 04:18:09
073,40.0522966,116.6083233,2008-06-19 04:18:11
073,40.0523266,116.6083416,2008-06-19 04:18:13
073,40.0523649,116.6083533,2008-06-19 04:18:15
073,40.0524016,116.6083482,2008-06-19 04:18:17
073,40.0524166,116.6082966,2008-06-19 04:18:19
073,40.0524149,116.60825,2008-06-19 04:18:21
073,40.0524116,116.6081816,2008-06-19 04:18:23
073,40.0523983,116.6081583,2008-06-19 04:18:25
073,40.0523616,116.6081866,2008-06-19 04:18:27
073,40.0523366,116.6081999,2008-06-19 04:18:29
073,40.0523099,116.6082516,2008-06-19 04:18:31
073,40.0523083,116.6082733,2008-06-19 04:18:33
073,40.0483866,116.6078816,2008-06-19 04:19:39
073,40.0481683,116.6081633,2008-06-19 04:19:41
073,40.04794,116.6084316,2008-06-19 04:19:43
073,40.0477083,116.6087049,2008-06-19 04:19:45
073,40.0474349,116.6089082,2008-06-19 04:19:47
073,40.0467633,116.6094233,2008-06-19 04:19:52
073,40.0460266,116.6097999,2008-06-19 04:19:57
073,40.045265,116.6100283,2008-06-19 04:20:02
073,40.0444916,116.6101633,2008-06-19 04:20:07
073,40.0436999,116.6102783,2008-06-19 04:20:12
073,40.0428566,116.6103599,2008-06-19 04:20:17
073,40.0419983,116.610425,2008-06-19 04:20:22
073,40.041175,116.6102016,2008-06-19 04:20:27
073,40.0403966,116.6097516,2008-06-19 04:20:32
073,40.03965,116.6093099,2008-06-19 04:20:37
073,40.0389933,116.6088016,2008-06-19 04:20:42
073,40.0387766,116.6085933,2008-06-19 04:20:44
073,40.0385833,116.6084216,2008-06-19 04:20:46
073,40.038415,116.6082983,2008-06-19 04:20:48
073,40.0382516,116.6081883,2008-06-19 04:20:50
073,40.0381149,116.6080916,2008-06-19 04:20:52
073,40.0380949,116.6081016,2008-06-19 04:20:54
073,40.0380433,116.6080449,2008-06-19 04:20:56
073,40.0379983,116.6080116,2008-06-19 04:20:58
073,40.0379766,116.6079949,2008-06-19 04:21:00
073,40.03793,116.6079733,2008-06-19 04:21:02
073,40.0378016,116.6078683,2008-06-19 04:21:04
073,40.0376816,116.6078133,2008-06-19 04:21:06
073,40.0375333,116.6077533,2008-06-19 04:21:08
073,40.0373716,116.6076966,2008-06-19 04:21:10
073,40.0372033,116.6076416,2008-06-19 04:21:12
073,40.0370166,116.6075816,2008-06-19 04:21:14
073,40.0368116,116.6075149,2008-06-19 04:21:16
073,40.0365916,116.6074382,2008-06-19 04:21:18
073,40.0363616,116.6073516,2008-06-19 04:21:20
073,40.0361366,116.6072599,2008-06-19 04:21:22
073,40.0359066,116.6071582,2008-06-19 04:21:24
073,40.0356699,116.6070466,2008-06-19 04:21:26
073,40.0354283,116.6069283,2008-06-19 04:21:28
073,40.0351816,116.6068016,2008-06-19 04:21:30
073,40.0349266,116.6066566,2008-06-19 04:21:32
073,40.0346666,116.6065033,2008-06-19 04:21:34
073,40.0344033,116.6063549,2008-06-19 04:21:36
073,40.034135,116.6062032,2008-06-19 04:21:38
073,40.0338583,116.6060466,2008-06-19 04:21:40
073,40.0335766,116.605885,2008-06-19 04:21:42
073,40.0328766,116.6054516,2008-06-19 04:21:47
073,40.0321383,116.6049716,2008-06-19 04:21:52
073,40.0313449,116.6044516,2008-06-19 04:21:57
073,40.0305466,116.60381,2008-06-19 04:22:02
073,40.0299033,116.6028716,2008-06-19 04:22:07
073,40.0295099,116.6016749,2008-06-19 04:22:12
073,40.0294716,116.6003099,2008-06-19 04:22:17
073,40.0298616,116.5990549,2008-06-19 04:22:22
073,40.0304549,116.5978116,2008-06-19 04:22:27
073,40.0310916,116.596605,2008-06-19 04:22:32
073,40.0317783,116.5954549,2008-06-19 04:22:37
073,40.0324499,116.5942849,2008-06-19 04:22:42
073,40.0330699,116.5930616,2008-06-19 04:22:47
073,40.0336616,116.5917899,2008-06-19 04:22:52
073,40.034135,116.5904416,2008-06-19 04:22:57
073,40.0345266,116.5891133,2008-06-19 04:23:02
073,40.034755,116.5876683,2008-06-19 04:23:07
073,40.0347799,116.5860983,2008-06-19 04:23:12
073,40.0347233,116.5846216,2008-06-19 04:23:17
073,40.0345666,116.5832016,2008-06-19 04:23:22
073,40.0343783,116.5818149,2008-06-19 04:23:27
073,40.0341599,116.5804083,2008-06-19 04:23:32
073,40.0339199,116.5790032,2008-06-19 04:23:37
073,40.0337099,116.5776616,2008-06-19 04:23:42
073,40.0335366,116.5763716,2008-06-19 04:23:47
073,40.0334116,116.5752166,2008-06-19 04:23:52
073,40.0333533,116.5741766,2008-06-19 04:23:57
073,40.0333499,116.5733016,2008-06-19 04:24:02
073,40.0333766,116.5729816,2008-06-19 04:24:04
073,40.0334266,116.5726716,2008-06-19 04:24:06
073,40.0334833,116.572335,2008-06-19 04:24:08
073,40.0335516,116.5719866,2008-06-19 04:24:10
073,40.0336366,116.57162,2008-06-19 04:24:12
073,40.0337416,116.5712866,2008-06-19 04:24:14
073,40.0338766,116.5709533,2008-06-19 04:24:16
073,40.0340533,116.5706616,2008-06-19 04:24:18
073,40.0342233,116.5703666,2008-06-19 04:24:20
073,40.0344049,116.5700716,2008-06-19 04:24:22
073,40.0345949,116.5697899,2008-06-19 04:24:24
073,40.0347983,116.5694949,2008-06-19 04:24:26
073,40.0349933,116.5692066,2008-06-19 04:24:28
073,40.0351716,116.5688883,2008-06-19 04:24:30
073,40.0353383,116.5685766,2008-06-19 04:24:32
073,40.0354916,116.5682282,2008-06-19 04:24:34
073,40.0355849,116.5678466,2008-06-19 04:24:36
073,40.0356483,116.567485,2008-06-19 04:24:38
073,40.0356549,116.5670766,2008-06-19 04:24:40
073,40.035595,116.5666299,2008-06-19 04:24:42
073,40.0354783,116.56621,2008-06-19 04:24:44
073,40.0352683,116.5657449,2008-06-19 04:24:46
073,40.034685,116.5646733,2008-06-19 04:24:51
073,40.0340549,116.5635316,2008-06-19 04:24:56
073,40.0334833,116.5624749,2008-06-19 04:25:01
073,40.0329199,116.5614016,2008-06-19 04:25:06
073,40.0323433,116.5602999,2008-06-19 04:25:11
073,40.0317799,116.5592116,2008-06-19 04:25:16
073,40.0312399,116.5582116,2008-06-19 04:25:21
073,40.0307016,116.5571799,2008-06-19 04:25:26
073,40.0302116,116.5560749,2008-06-19 04:25:31
073,40.0297316,116.5549483,2008-06-19 04:25:36
073,40.0292683,116.5537699,2008-06-19 04:25:41
073,40.0288316,116.5525433,2008-06-19 04:25:46
073,40.0284366,116.5512983,2008-06-19 04:25:51
073,40.0280399,116.5500083,2008-06-19 04:25:56
073,40.0276299,116.5486766,2008-06-19 04:26:01
073,40.0272249,116.5473783,2008-06-19 04:26:06
073,40.0268366,116.5461416,2008-06-19 04:26:11
073,40.0264516,116.5449066,2008-06-19 04:26:16
073,40.0260633,116.5437116,2008-06-19 04:26:21
073,40.0257183,116.5426183,2008-06-19 04:26:26
073,40.0253783,116.5416099,2008-06-19 04:26:31
073,40.0252666,116.5412266,2008-06-19 04:26:33
073,40.0249266,116.5402866,2008-06-19 04:26:38
073,40.0247883,116.539895,2008-06-19 04:26:40
073,40.0244566,116.5390116,2008-06-19 04:26:45
073,40.0243299,116.5386383,2008-06-19 04:26:47
073,40.0242199,116.5382966,2008-06-19 04:26:49
073,40.0240899,116.5379116,2008-06-19 04:26:51
073,40.0237416,116.5369366,2008-06-19 04:26:56
073,40.0233716,116.5359116,2008-06-19 04:27:01
073,40.022985,116.5348399,2008-06-19 04:27:06
073,40.02259,116.53373,2008-06-19 04:27:11
073,40.0221899,116.5326133,2008-06-19 04:27:16
073,40.0217816,116.531465,2008-06-19 04:27:21
073,40.0213566,116.5302999,2008-06-19 04:27:26
073,40.0209399,116.5291216,2008-06-19 04:27:31
073,40.0205216,116.527975,2008-06-19 04:27:36
073,40.0201433,116.5268883,2008-06-19 04:27:41
073,40.01979,116.5258933,2008-06-19 04:27:46
073,40.019455,116.5249599,2008-06-19 04:27:51
073,40.0191283,116.5240333,2008-06-19 04:27:56
073,40.0190016,116.5236683,2008-06-19 04:27:58
073,40.0188833,116.5232999,2008-06-19 04:28:00
073,40.0185683,116.5223599,2008-06-19 04:28:05
073,40.01822,116.52136,2008-06-19 04:28:10
073,40.0178549,116.5203016,2008-06-19 04:28:15
073,40.0174333,116.5191616,2008-06-19 04:28:20
073,40.0169716,116.5179333,2008-06-19 04:28:25
073,40.0164799,116.5166666,2008-06-19 04:28:30
073,40.0159116,116.5153983,2008-06-19 04:28:35
073,40.0152533,116.514165,2008-06-19 04:28:40
073,40.0145616,116.5129699,2008-06-19 04:28:45
073,40.0137866,116.5118299,2008-06-19 04:28:50
073,40.0129749,116.5107649,2008-06-19 04:28:55
073,40.0121199,116.5097466,2008-06-19 04:29:00
073,40.0112449,116.50877,2008-06-19 04:29:05
073,40.010385,116.5078149,2008-06-19 04:29:10
073,40.0095583,116.50688,2008-06-19 04:29:15
073,40.0087216,116.505955,2008-06-19 04:29:20
073,40.0079166,116.5050683,2008-06-19 04:29:25
073,40.0071349,116.5042083,2008-06-19 04:29:30
073,40.0063666,116.5033716,2008-06-19 04:29:35
073,40.0056283,116.502555,2008-06-19 04:29:40
073,40.0048716,116.5017199,2008-06-19 04:29:45
073,40.0040766,116.5008466,2008-06-19 04:29:50
073,40.0032583,116.4999449,2008-06-19 04:29:55
073,40.0024149,116.49899,2008-06-19 04:30:00
073,40.0015399,116.4980233,2008-06-19 04:30:05
073,40.0006783,116.4970516,2008-06-19 04:30:10
073,39.9997883,116.4960683,2008-06-19 04:30:15
073,39.9989183,116.4950683,2008-06-19 04:30:20
073,39.9980283,116.4940683,2008-06-19 04:30:25
073,39.99711,116.4930883,2008-06-19 04:30:30
073,39.9962433,116.4921333,2008-06-19 04:30:35
073,39.9953666,116.4911916,2008-06-19 04:30:40
073,39.9945099,116.49023,2008-06-19 04:30:45
073,39.9936299,116.4892466,2008-06-19 04:30:50
073,39.99274,116.4882633,2008-06-19 04:30:55
073,39.9918533,116.4872783,2008-06-19 04:31:00
073,39.9909783,116.4863033,2008-06-19 04:31:05
073,39.9901066,116.4853616,2008-06-19 04:31:10
073,39.9892699,116.4844666,2008-06-19 04:31:15
073,39.988465,116.4835699,2008-06-19 04:31:20
073,39.9876633,116.4826816,2008-06-19 04:31:25
073,39.9868383,116.481775,2008-06-19 04:31:30
073,39.9860049,116.4808516,2008-06-19 04:31:35
073,39.9851766,116.4799366,2008-06-19 04:31:40
073,39.9843433,116.47902,2008-06-19 04:31:45
073,39.9835133,116.4780933,2008-06-19 04:31:50
073,39.9826783,116.4771716,2008-06-19 04:31:55
073,39.981835,116.4762233,2008-06-19 04:32:00
073,39.9809849,116.4752766,2008-06-19 04:32:05
073,39.9801466,116.4743649,2008-06-19 04:32:10
073,39.9793316,116.4734766,2008-06-19 04:32:15
073,39.9785266,116.4725783,2008-06-19 04:32:20
073,39.9777166,116.47169,2008-06-19 04:32:25
073,39.9769,116.4707833,2008-06-19 04:32:30
073,39.9760283,116.4698433,2008-06-19 04:32:35
073,39.97519,116.4688699,2008-06-19 04:32:40
073,39.9743616,116.467885,2008-06-19 04:32:45
073,39.9735183,116.4669299,2008-06-19 04:32:50
073,39.9726649,116.4659566,2008-06-19 04:32:55
073,39.9717916,116.4649733,2008-06-19 04:33:00
073,39.9709149,116.4640116,2008-06-19 04:33:05
073,39.9700416,116.4630399,2008-06-19 04:33:10
073,39.969225,116.4620316,2008-06-19 04:33:15
073,39.968395,116.4610333,2008-06-19 04:33:20
073,39.9675116,116.4600849,2008-06-19 04:33:25
073,39.9665699,116.4592183,2008-06-19 04:33:30
073,39.9657016,116.45828,2008-06-19 04:33:35
073,39.9648483,116.4573216,2008-06-19 04:33:40
073,39.9639916,116.4563583,2008-06-19 04:33:45
073,39.9631466,116.4554,2008-06-19 04:33:50
073,39.9623199,116.45444,2008-06-19 04:33:55
073,39.9614716,116.4535316,2008-06-19 04:34:00
073,39.960675,116.4526416,2008-06-19 04:34:05
073,39.9599816,116.4518433,2008-06-19 04:34:10
073,39.959345,116.4510983,2008-06-19 04:34:15
073,39.9587766,116.4504099,2008-06-19 04:34:20
073,39.9586016,116.4502016,2008-06-19 04:34:22
073,39.9584633,116.4500383,2008-06-19 04:34:24
073,39.9583549,116.4499116,2008-06-19 04:34:26
073,39.9582933,116.4497966,2008-06-19 04:34:28
073,39.9582749,116.4496683,2008-06-19 04:34:30
073,39.9582783,116.4495283,2008-06-19 04:34:32
073,39.9583016,116.4494066,2008-06-19 04:34:34
073,39.9583066,116.44932,2008-06-19 04:34:36
073,39.9583083,116.4492166,2008-06-19 04:34:38
073,39.9582833,116.4491166,2008-06-19 04:34:40
073,39.9582366,116.4490416,2008-06-19 04:34:42
073,39.9581933,116.4489816,2008-06-19 04:34:44
073,39.9581183,116.4488916,2008-06-19 04:34:46
073,39.9580333,116.4487949,2008-06-19 04:34:48
073,39.9579349,116.44868,2008-06-19 04:34:50
073,39.9578266,116.4485599,2008-06-19 04:34:52
073,39.9577116,116.4484333,2008-06-19 04:34:54
073,39.9575983,116.4483066,2008-06-19 04:34:56
073,39.9574833,116.4481766,2008-06-19 04:34:58
073,39.9573666,116.4480533,2008-06-19 04:35:00
073,39.9572583,116.4479349,2008-06-19 04:35:02
073,39.9571666,116.4478299,2008-06-19 04:35:04
073,39.9571033,116.4477399,2008-06-19 04:35:06
073,39.9570733,116.4476599,2008-06-19 04:35:08
073,39.95706,116.4475966,2008-06-19 04:35:10
073,39.957075,116.4475299,2008-06-19 04:35:12
073,39.9571016,116.4474683,2008-06-19 04:35:14
073,39.9571349,116.4474066,2008-06-19 04:35:16
073,39.9571783,116.4473399,2008-06-19 04:35:18
073,39.9572366,116.4472566,2008-06-19 04:35:20
073,39.9573033,116.4471416,2008-06-19 04:35:22
073,39.9573883,116.4470049,2008-06-19 04:35:24
073,39.9574933,116.4468499,2008-06-19 04:35:26
073,39.9576066,116.4466816,2008-06-19 04:35:28
073,39.9577366,116.4464833,2008-06-19 04:35:30
073,39.9578733,116.44627,2008-06-19 04:35:32
073,39.958025,116.4460299,2008-06-19 04:35:34
073,39.9581983,116.44578,2008-06-19 04:35:36
073,39.958375,116.4455366,2008-06-19 04:35:38
073,39.9585783,116.4452833,2008-06-19 04:35:40
073,39.9588133,116.4450283,2008-06-19 04:35:42
073,39.9593766,116.4442983,2008-06-19 04:35:47
073,39.9599533,116.4434416,2008-06-19 04:35:52
073,39.9604483,116.4425783,2008-06-19 04:35:57
073,39.9609483,116.4416733,2008-06-19 04:36:02
073,39.9615083,116.4408433,2008-06-19 04:36:07
073,39.9620333,116.4399866,2008-06-19 04:36:12
073,39.962555,116.4391666,2008-06-19 04:36:17
073,39.9630216,116.4384533,2008-06-19 04:36:22
073,39.9632416,116.4382099,2008-06-19 04:36:24
073,39.9634183,116.4379299,2008-06-19 04:36:26
073,39.9636383,116.4376483,2008-06-19 04:36:28
073,39.96383,116.43735,2008-06-19 04:36:30
073,39.9640199,116.4370616,2008-06-19 04:36:32
073,39.9642233,116.4367749,2008-06-19 04:36:34
073,39.96443,116.4364949,2008-06-19 04:36:36
073,39.96461,116.4362533,2008-06-19 04:36:38
073,39.9647433,116.4360149,2008-06-19 04:36:40
073,39.9649016,116.43576,2008-06-19 04:36:42
073,39.9650333,116.43548,2008-06-19 04:36:44
073,39.9651833,116.4352133,2008-06-19 04:36:46
073,39.9653416,116.4349499,2008-06-19 04:36:48
073,39.9654983,116.4346983,2008-06-19 04:36:50
073,39.9656483,116.43448,2008-06-19 04:36:52
073,39.9657816,116.4342766,2008-06-19 04:36:54
073,39.9659183,116.4340749,2008-06-19 04:36:56
073,39.9660616,116.433875,2008-06-19 04:36:58
073,39.9662033,116.4337233,2008-06-19 04:37:00
073,39.9663049,116.4336166,2008-06-19 04:37:02
073,39.9663866,116.4335499,2008-06-19 04:37:04
073,39.9664366,116.4334649,2008-06-19 04:37:06
073,39.9664816,116.4334083,2008-06-19 04:37:08
073,39.9664916,116.4333833,2008-06-19 04:37:10
073,39.9664866,116.4333766,2008-06-19 04:37:14
073,39.9664866,116.4333766,2008-06-19 04:37:16
073,39.9664866,116.4333766,2008-06-19 04:37:18
073,39.9665333,116.4332899,2008-06-19 04:37:22
073,39.9665716,116.43321,2008-06-19 04:37:24
073,39.9666366,116.4330949,2008-06-19 04:37:26
073,39.9667116,116.4329766,2008-06-19 04:37:28
073,39.9668016,116.4328466,2008-06-19 04:37:30
073,39.9669049,116.4326916,2008-06-19 04:37:32
073,39.9670149,116.4325166,2008-06-19 04:37:34
073,39.9671316,116.4323183,2008-06-19 04:37:36
073,39.9672616,116.4320966,2008-06-19 04:37:38
073,39.9674066,116.4318599,2008-06-19 04:37:40
073,39.9675516,116.4316066,2008-06-19 04:37:42
073,39.9676899,116.4313449,2008-06-19 04:37:44
073,39.9678133,116.4310533,2008-06-19 04:37:46
073,39.9679333,116.4307399,2008-06-19 04:37:48
073,39.968035,116.4304083,2008-06-19 04:37:50
073,39.9681249,116.430035,2008-06-19 04:37:52
073,39.9682116,116.4296583,2008-06-19 04:37:54
073,39.9682816,116.4292883,2008-06-19 04:37:56
073,39.9683283,116.428915,2008-06-19 04:37:58
073,39.9683599,116.4285333,2008-06-19 04:38:00
073,39.96837,116.4281483,2008-06-19 04:38:02
073,39.9683633,116.4277633,2008-06-19 04:38:04
073,39.9683533,116.4273833,2008-06-19 04:38:06
073,39.9683416,116.4270016,2008-06-19 04:38:08
073,39.9683333,116.4266083,2008-06-19 04:38:10
073,39.9683116,116.4255766,2008-06-19 04:38:15
073,39.9682766,116.4244116,2008-06-19 04:38:20
073,39.9682349,116.4232733,2008-06-19 04:38:25
073,39.9682483,116.4222683,2008-06-19 04:38:30
073,39.9682566,116.4218849,2008-06-19 04:38:32
073,39.9682616,116.4214849,2008-06-19 04:38:34
073,39.9681916,116.420445,2008-06-19 04:38:39
073,39.9681683,116.4194449,2008-06-19 04:38:44
073,39.968145,116.4184666,2008-06-19 04:38:49
073,39.9681266,116.4174783,2008-06-19 04:38:54
073,39.9681116,116.4164549,2008-06-19 04:38:59
073,39.9680949,116.4154249,2008-06-19 04:39:04
073,39.9680866,116.4144299,2008-06-19 04:39:09
073,39.9680833,116.414055,2008-06-19 04:39:11
073,39.9680766,116.4136866,2008-06-19 04:39:13
073,39.9680716,116.4133416,2008-06-19 04:39:15
073,39.9680549,116.4130166,2008-06-19 04:39:17
073,39.968045,116.4127183,2008-06-19 04:39:19
073,39.9680366,116.4124216,2008-06-19 04:39:21
073,39.9680416,116.4121383,2008-06-19 04:39:23
073,39.96803,116.4118316,2008-06-19 04:39:25
073,39.96802,116.4114983,2008-06-19 04:39:27
073,39.9680133,116.4111433,2008-06-19 04:39:29
073,39.9680066,116.410775,2008-06-19 04:39:31
073,39.9680099,116.4104033,2008-06-19 04:39:33
073,39.968005,116.4100199,2008-06-19 04:39:35
073,39.9680016,116.4096416,2008-06-19 04:39:37
073,39.9679966,116.4092699,2008-06-19 04:39:39
073,39.9679833,116.4089083,2008-06-19 04:39:41
073,39.9679733,116.4085833,2008-06-19 04:39:43
073,39.9680433,116.4083216,2008-06-19 04:39:45
073,39.9680483,116.4080249,2008-06-19 04:39:47
073,39.9680516,116.4077183,2008-06-19 04:39:49
073,39.9680366,116.4073983,2008-06-19 04:39:51
073,39.9680133,116.4070616,2008-06-19 04:39:53
073,39.9679916,116.4067166,2008-06-19 04:39:55
073,39.9679666,116.4063583,2008-06-19 04:39:57
073,39.9679566,116.4059883,2008-06-19 04:39:59
073,39.9679483,116.405625,2008-06-19 04:40:01
073,39.96795,116.4052583,2008-06-19 04:40:03
073,39.9679516,116.4048933,2008-06-19 04:40:05
073,39.9679099,116.4044916,2008-06-19 04:40:07
073,39.9679033,116.4041349,2008-06-19 04:40:09
073,39.9678983,116.4037999,2008-06-19 04:40:11
073,39.96788,116.4034766,2008-06-19 04:40:13
073,39.9678666,116.4031749,2008-06-19 04:40:15
073,39.9678549,116.4028799,2008-06-19 04:40:17
073,39.9678549,116.4025949,2008-06-19 04:40:19
073,39.9678533,116.4023149,2008-06-19 04:40:21
073,39.9678533,116.4020466,2008-06-19 04:40:23
073,39.96785,116.4017766,2008-06-19 04:40:25
073,39.9678299,116.4014833,2008-06-19 04:40:27
073,39.9678266,116.4011849,2008-06-19 04:40:29
073,39.9678266,116.4008783,2008-06-19 04:40:31
073,39.967825,116.400565,2008-06-19 04:40:33
073,39.9678316,116.4002383,2008-06-19 04:40:35
073,39.9678299,116.3999033,2008-06-19 04:40:37
073,39.96782,116.399565,2008-06-19 04:40:39
073,39.9678133,116.3992249,2008-06-19 04:40:41
073,39.9678066,116.3988833,2008-06-19 04:40:43
073,39.9677616,116.3985116,2008-06-19 04:40:45
073,39.96774,116.398205,2008-06-19 04:40:47
073,39.9677433,116.3979899,2008-06-19 04:40:49
073,39.9677416,116.3977766,2008-06-19 04:40:51
073,39.9677333,116.3975433,2008-06-19 04:40:53
073,39.9677166,116.3972933,2008-06-19 04:40:55
073,39.96771,116.3970383,2008-06-19 04:40:57
073,39.9676733,116.3967699,2008-06-19 04:40:59
073,39.9676499,116.3964716,2008-06-19 04:41:01
073,39.967625,116.39616,2008-06-19 04:41:03
073,39.9675983,116.3958483,2008-06-19 04:41:05
073,39.9675816,116.39552,2008-06-19 04:41:07
073,39.9675416,116.3951433,2008-06-19 04:41:09
073,39.9675266,116.3947766,2008-06-19 04:41:11
073,39.9675466,116.3944066,2008-06-19 04:41:13
073,39.9676266,116.3940599,2008-06-19 04:41:15
073,39.9676599,116.3937049,2008-06-19 04:41:17
073,39.96767,116.3933466,2008-06-19 04:41:19
073,39.967665,116.3930233,2008-06-19 04:41:21
073,39.9676899,116.3927483,2008-06-19 04:41:23
073,39.9676749,116.3924833,2008-06-19 04:41:25
073,39.9677116,116.3922383,2008-06-19 04:41:27
073,39.9677049,116.3919566,2008-06-19 04:41:29
073,39.9676983,116.3916516,2008-06-19 04:41:31
073,39.9677216,116.3913349,2008-06-19 04:41:33
073,39.9677083,116.3910033,2008-06-19 04:41:35
073,39.9676816,116.3906533,2008-06-19 04:41:37
073,39.9676433,116.3902616,2008-06-19 04:41:39
073,39.9676049,116.389845,2008-06-19 04:41:41
073,39.9675266,116.3887166,2008-06-19 04:41:46
073,39.9674249,116.3875149,2008-06-19 04:41:51
073,39.9673649,116.3863333,2008-06-19 04:41:56
073,39.9673,116.3851883,2008-06-19 04:42:01
073,39.9672466,116.3840283,2008-06-19 04:42:06
073,39.9672149,116.3829049,2008-06-19 04:42:11
073,39.9672016,116.3818516,2008-06-19 04:42:16
073,39.9671816,116.3808599,2008-06-19 04:42:21
073,39.9671933,116.380505,2008-06-19 04:42:23
073,39.9671849,116.380155,2008-06-19 04:42:25
073,39.9671783,116.3798183,2008-06-19 04:42:27
073,39.9671616,116.3795033,2008-06-19 04:42:29
073,39.96715,116.3792133,2008-06-19 04:42:31
073,39.96716,116.3789599,2008-06-19 04:42:33
073,39.9671716,116.3787416,2008-06-19 04:42:35
073,39.96718,116.37858,2008-06-19 04:42:37
073,39.9671883,116.3785049,2008-06-19 04:42:39
073,39.967165,116.3784683,2008-06-19 04:42:41
073,39.9671566,116.3784633,2008-06-19 04:42:45
073,39.9671566,116.3784633,2008-06-19 04:42:47
073,39.9671566,116.3784633,2008-06-19 04:42:49
073,39.9671516,116.3783666,2008-06-19 04:42:53
073,39.9671466,116.3782799,2008-06-19 04:42:55
073,39.9671399,116.3781583,2008-06-19 04:42:57
073,39.9671283,116.3780266,2008-06-19 04:42:59
073,39.9671083,116.3778733,2008-06-19 04:43:01
073,39.96709,116.3776833,2008-06-19 04:43:03
073,39.9670766,116.3774599,2008-06-19 04:43:05
073,39.9670716,116.3772316,2008-06-19 04:43:07
073,39.9670633,116.3769849,2008-06-19 04:43:09
073,39.9670583,116.3767416,2008-06-19 04:43:11
073,39.9670583,116.3765033,2008-06-19 04:43:13
073,39.9670516,116.3762349,2008-06-19 04:43:15
073,39.9670633,116.3759466,2008-06-19 04:43:17
073,39.9670416,116.3756249,2008-06-19 04:43:19
073,39.9670166,116.3752916,2008-06-19 04:43:21
073,39.9670083,116.3749649,2008-06-19 04:43:23
073,39.9670033,116.3746433,2008-06-19 04:43:25
073,39.9669999,116.374305,2008-06-19 04:43:27
073,39.9669966,116.3739166,2008-06-19 04:43:29
073,39.9669383,116.37359,2008-06-19 04:43:31
073,39.9669366,116.373255,2008-06-19 04:43:33
073,39.9669299,116.3729633,2008-06-19 04:43:35
073,39.9669299,116.3726766,2008-06-19 04:43:37
073,39.9669316,116.3723916,2008-06-19 04:43:39
073,39.9669349,116.3721133,2008-06-19 04:43:41
073,39.9669383,116.3718416,2008-06-19 04:43:43
073,39.96694,116.3715683,2008-06-19 04:43:45
073,39.9669566,116.3712949,2008-06-19 04:43:47
073,39.9670666,116.3710733,2008-06-19 04:43:49
073,39.9671733,116.3708383,2008-06-19 04:43:51
073,39.9672283,116.3705399,2008-06-19 04:43:53
073,39.9672399,116.3702216,2008-06-19 04:43:55
073,39.9672166,116.3698666,2008-06-19 04:43:57
073,39.9671783,116.369505,2008-06-19 04:43:59
073,39.9671416,116.3691483,2008-06-19 04:44:01
073,39.967095,116.3688016,2008-06-19 04:44:03
073,39.9670449,116.3684783,2008-06-19 04:44:05
073,39.9670033,116.3681566,2008-06-19 04:44:07
073,39.9669749,116.3678366,2008-06-19 04:44:09
073,39.9669349,116.3674899,2008-06-19 04:44:11
073,39.9668916,116.3671183,2008-06-19 04:44:13
073,39.9668666,116.3667549,2008-06-19 04:44:15
073,39.9668499,116.3663833,2008-06-19 04:44:17
073,39.966855,116.3660249,2008-06-19 04:44:19
073,39.9668583,116.3656749,2008-06-19 04:44:21
073,39.96684,116.3653116,2008-06-19 04:44:23
073,39.9668333,116.3649749,2008-06-19 04:44:25
073,39.9668483,116.3645233,2008-06-19 04:44:28
073,39.9670483,116.3643566,2008-06-19 04:44:30
073,39.9671183,116.3641183,2008-06-19 04:44:32
073,39.9671299,116.3638516,2008-06-19 04:44:34
073,39.9671183,116.3635749,2008-06-19 04:44:36
073,39.9670866,116.3632883,2008-06-19 04:44:38
073,39.96704,116.3629849,2008-06-19 04:44:40
073,39.9670166,116.3626966,2008-06-19 04:44:42
073,39.9670216,116.3624216,2008-06-19 04:44:44
073,39.9670316,116.3621383,2008-06-19 04:44:46
073,39.9670383,116.3618499,2008-06-19 04:44:48
073,39.9670299,116.361545,2008-06-19 04:44:50
073,39.9670166,116.361245,2008-06-19 04:44:52
073,39.9669933,116.3609483,2008-06-19 04:44:54
073,39.9669899,116.3606916,2008-06-19 04:44:56
073,39.9669816,116.3604633,2008-06-19 04:44:58
073,39.966955,116.3602533,2008-06-19 04:45:00
073,39.9669483,116.3601483,2008-06-19 04:45:02
073,39.9669416,116.3601499,2008-06-19 04:45:04
073,39.966895,116.3601133,2008-06-19 04:45:08
073,39.9668783,116.3600999,2008-06-19 04:45:12
073,39.9668516,116.3600849,2008-06-19 04:45:16
073,39.966825,116.360075,2008-06-19 04:45:20
073,39.9667983,116.3600566,2008-06-19 04:45:24
073,39.9667866,116.3600383,2008-06-19 04:45:28
073,39.9667466,116.3599783,2008-06-19 04:45:32
073,39.9667333,116.3599483,2008-06-19 04:45:34
073,39.9667316,116.3599483,2008-06-19 04:45:36
073,39.9666983,116.3598916,2008-06-19 04:45:38
073,39.9667116,116.3598883,2008-06-19 04:45:40
073,39.9667049,116.3598383,2008-06-19 04:45:44
073,39.9666949,116.3597866,2008-06-19 04:45:46
073,39.9666966,116.3596916,2008-06-19 04:45:48
073,39.9666666,116.3595449,2008-06-19 04:45:50
073,39.9666233,116.3593299,2008-06-19 04:45:52
073,39.9666033,116.359135,2008-06-19 04:45:54
073,39.9665799,116.3589183,2008-06-19 04:45:56
073,39.9665333,116.3586966,2008-06-19 04:45:58
073,39.9665033,116.3584483,2008-06-19 04:46:00
073,39.9665066,116.3582016,2008-06-19 04:46:02
073,39.9664933,116.3579033,2008-06-19 04:46:04
073,39.9664766,116.3576166,2008-06-19 04:46:06
073,39.9664799,116.3573216,2008-06-19 04:46:08
073,39.9664666,116.3570499,2008-06-19 04:46:10
073,39.9664666,116.3567533,2008-06-19 04:46:12
073,39.96645,116.35646,2008-06-19 04:46:14
073,39.966465,116.3561599,2008-06-19 04:46:16
073,39.9664483,116.3558616,2008-06-19 04:46:18
073,39.9664533,116.3555283,2008-06-19 04:46:20
073,39.9664566,116.3551883,2008-06-19 04:46:22
073,39.966475,116.3548416,2008-06-19 04:46:24
073,39.9664799,116.3544816,2008-06-19 04:46:26
073,39.9664883,116.3540966,2008-06-19 04:46:28
073,39.9664999,116.3536983,2008-06-19 04:46:30
073,39.9664916,116.35327,2008-06-19 04:46:32
073,39.9664316,116.3528683,2008-06-19 04:46:34
073,39.9664366,116.3524266,2008-06-19 04:46:36
073,39.9664949,116.35133,2008-06-19 04:46:41
073,39.9665766,116.3503,2008-06-19 04:46:46
073,39.96659,116.3499549,2008-06-19 04:46:48
073,39.9665649,116.3496033,2008-06-19 04:46:50
073,39.9665616,116.3492799,2008-06-19 04:46:52
073,39.96656,116.3489616,2008-06-19 04:46:54
073,39.96656,116.3486433,2008-06-19 04:46:56
073,39.9665616,116.3483316,2008-06-19 04:46:58
073,39.9665666,116.348015,2008-06-19 04:47:00
073,39.9665699,116.3476899,2008-06-19 04:47:02
073,39.9665716,116.3473583,2008-06-19 04:47:04
073,39.9665699,116.3470166,2008-06-19 04:47:06
073,39.966575,116.3466749,2008-06-19 04:47:08
073,39.9665699,116.3463416,2008-06-19 04:47:10
073,39.9665699,116.3460216,2008-06-19 04:47:12
073,39.9665933,116.3457283,2008-06-19 04:47:14
073,39.9666116,116.34543,2008-06-19 04:47:16
073,39.9666216,116.3451216,2008-06-19 04:47:18
073,39.9666099,116.3448049,2008-06-19 04:47:20
073,39.966615,116.3445099,2008-06-19 04:47:22
073,39.9666166,116.3442233,2008-06-19 04:47:24
073,39.9666349,116.3439866,2008-06-19 04:47:26
073,39.9666316,116.3438116,2008-06-19 04:47:28
073,39.96663,116.3436933,2008-06-19 04:47:30
073,39.9666283,116.3436433,2008-06-19 04:47:32
073,39.9665966,116.3435783,2008-06-19 04:47:34
073,39.9665766,116.3435666,2008-06-19 04:47:38
073,39.9665266,116.3434566,2008-06-19 04:47:42
073,39.9664999,116.3434316,2008-06-19 04:47:44
073,39.9664466,116.3433266,2008-06-19 04:47:46
073,39.9664099,116.3432066,2008-06-19 04:47:48
073,39.9663983,116.3430816,2008-06-19 04:47:50
073,39.9664016,116.3429483,2008-06-19 04:47:52
073,39.9664016,116.3428199,2008-06-19 04:47:54
073,39.9664116,116.3426733,2008-06-19 04:47:56
073,39.9664099,116.3425683,2008-06-19 04:47:58
073,39.9663833,116.3425166,2008-06-19 04:48:00
073,39.9663733,116.3424983,2008-06-19 04:48:02
073,39.9663883,116.3424933,2008-06-19 04:48:04
073,39.9663999,116.3425133,2008-06-19 04:48:08
073,39.9663866,116.3424766,2008-06-19 04:48:10
073,39.9664116,116.342445,2008-06-19 04:48:12
073,39.96646,116.34234,2008-06-19 04:48:16
073,39.96645,116.3422866,2008-06-19 04:48:18
073,39.9664683,116.3422533,2008-06-19 04:48:20
073,39.9664683,116.3422299,2008-06-19 04:48:22
073,39.9664799,116.3421966,2008-06-19 04:48:24
073,39.9664766,116.34218,2008-06-19 04:48:26
073,39.9664766,116.34218,2008-06-19 04:48:28
073,39.9664699,116.3421716,2008-06-19 04:48:30
073,39.966465,116.3421283,2008-06-19 04:48:34
073,39.9664549,116.3421049,2008-06-19 04:48:36
073,39.96646,116.3420633,2008-06-19 04:48:40
073,39.9664116,116.3420216,2008-06-19 04:48:44
073,39.9664016,116.3419816,2008-06-19 04:48:46
073,39.9663616,116.3419416,2008-06-19 04:48:48
073,39.9663633,116.3419149,2008-06-19 04:48:50
073,39.9664033,116.3418316,2008-06-19 04:48:54
073,39.9664116,116.3417916,2008-06-19 04:48:56
073,39.9664216,116.341765,2008-06-19 04:48:58
073,39.966435,116.3417683,2008-06-19 04:49:00
073,39.9664616,116.3417116,2008-06-19 04:49:04
073,39.9664466,116.341695,2008-06-19 04:49:06
073,39.9664666,116.3417083,2008-06-19 04:49:10
073,39.9664666,116.3417083,2008-06-19 04:49:12
073,39.9664683,116.3417133,2008-06-19 04:49:14
073,39.9664799,116.3417199,2008-06-19 04:49:18
073,39.9665099,116.34171,2008-06-19 04:49:20
073,39.9665083,116.3417216,2008-06-19 04:49:22
073,39.9665149,116.3417216,2008-06-19 04:49:24
073,39.966535,116.3417216,2008-06-19 04:49:26
073,39.9665666,116.3417166,2008-06-19 04:49:28
073,39.96656,116.3416766,2008-06-19 04:49:32
073,39.9665716,116.3416449,2008-06-19 04:49:34
073,39.9665966,116.3415733,2008-06-19 04:49:36
073,39.9666016,116.3415216,2008-06-19 04:49:38
073,39.9665833,116.3415099,2008-06-19 04:49:40
073,39.9665333,116.3415316,2008-06-19 04:49:44
073,39.9665333,116.3415049,2008-06-19 04:49:46
073,39.9665216,116.3414099,2008-06-19 04:49:48
073,39.9665133,116.3412566,2008-06-19 04:49:50
073,39.9665066,116.3410749,2008-06-19 04:49:52
073,39.9664816,116.3408383,2008-06-19 04:49:54
073,39.9664583,116.3406049,2008-06-19 04:49:56
073,39.9664383,116.3403766,2008-06-19 04:49:58
073,39.96642,116.3401233,2008-06-19 04:50:00
073,39.9664249,116.3398233,2008-06-19 04:50:02
073,39.9664333,116.3395699,2008-06-19 04:50:04
073,39.9664416,116.3393416,2008-06-19 04:50:06
073,39.966465,116.3390849,2008-06-19 04:50:08
073,39.9664883,116.3386966,2008-06-19 04:50:11
073,39.9664583,116.3384083,2008-06-19 04:50:13
073,39.9664466,116.3381449,2008-06-19 04:50:15
073,39.9664433,116.3378949,2008-06-19 04:50:17
073,39.9664083,116.3376299,2008-06-19 04:50:19
073,39.9663966,116.3373766,2008-06-19 04:50:21
073,39.9663833,116.3371166,2008-06-19 04:50:23
073,39.9663766,116.3368716,2008-06-19 04:50:25
073,39.9663633,116.3366183,2008-06-19 04:50:27
073,39.9663366,116.3363549,2008-06-19 04:50:29
073,39.9663216,116.3361266,2008-06-19 04:50:31
073,39.9663033,116.3358699,2008-06-19 04:50:33
073,39.9662883,116.3356,2008-06-19 04:50:35
073,39.9662666,116.3353483,2008-06-19 04:50:37
073,39.9662483,116.3350783,2008-06-19 04:50:39
073,39.9662416,116.3348066,2008-06-19 04:50:41
073,39.9662233,116.3345249,2008-06-19 04:50:43
073,39.96621,116.3342566,2008-06-19 04:50:45
073,39.9662066,116.3339733,2008-06-19 04:50:47
073,39.9661866,116.3337166,2008-06-19 04:50:49
073,39.96618,116.3335216,2008-06-19 04:50:51
073,39.96621,116.3334216,2008-06-19 04:50:53
073,39.9662716,116.3333399,2008-06-19 04:50:55
073,39.9663983,116.3332899,2008-06-19 04:50:57
073,39.9665583,116.3332399,2008-06-19 04:50:59
073,39.9667633,116.3331933,2008-06-19 04:51:01
073,39.9669849,116.3331433,2008-06-19 04:51:03
073,39.9672266,116.3330999,2008-06-19 04:51:05
073,39.9674816,116.3330566,2008-06-19 04:51:07
073,39.967755,116.3330033,2008-06-19 04:51:09
073,39.9680399,116.3329583,2008-06-19 04:51:11
073,39.9683166,116.3329183,2008-06-19 04:51:13
073,39.9685733,116.3328766,2008-06-19 04:51:15
073,39.9687966,116.3328366,2008-06-19 04:51:17
073,39.9689583,116.3328149,2008-06-19 04:51:19
073,39.9691116,116.3327883,2008-06-19 04:51:21
073,39.9692366,116.3327533,2008-06-19 04:51:23
073,39.9693699,116.3327266,2008-06-19 04:51:25
073,39.9695099,116.3327,2008-06-19 04:51:27
073,39.9696833,116.3326749,2008-06-19 04:51:29
073,39.96987,116.3326433,2008-06-19 04:51:31
073,39.9700616,116.3326016,2008-06-19 04:51:33
073,39.9702866,116.3325783,2008-06-19 04:51:35
073,39.9705349,116.3325266,2008-06-19 04:51:37
073,39.9707616,116.3324999,2008-06-19 04:51:39
073,39.9709883,116.332455,2008-06-19 04:51:41
073,39.9712066,116.332405,2008-06-19 04:51:43
073,39.9714466,116.3323866,2008-06-19 04:51:45
073,39.9716583,116.3323449,2008-06-19 04:51:47
073,39.9718633,116.3323116,2008-06-19 04:51:49
073,39.9720616,116.3322766,2008-06-19 04:51:51
073,39.9722583,116.33223,2008-06-19 04:51:53
073,39.972405,116.3321316,2008-06-19 04:51:55
073,39.97257,116.3320966,2008-06-19 04:51:57
073,39.9726599,116.3319733,2008-06-19 04:51:59
073,39.9727216,116.3318016,2008-06-19 04:52:01
073,39.9743833,116.3314133,2008-06-19 04:52:39
073,39.97445,116.3314199,2008-06-19 04:52:41
073,39.9744999,116.3314199,2008-06-19 04:52:43
