user_id,latitude,longtitude,timestamp
128,39.9753466,116.3327766,2009-09-01 09:16:03
128,39.9753866,116.3326399,2009-09-01 09:16:04
128,39.9754099,116.3326483,2009-09-01 09:16:06
128,39.9754133,116.3326716,2009-09-01 09:16:08
128,39.9754333,116.3326966,2009-09-01 09:16:12
128,39.9754466,116.3327083,2009-09-01 09:16:14
128,39.9754383,116.3327166,2009-09-01 09:16:16
128,39.9754333,116.3327383,2009-09-01 09:16:18
128,39.9754233,116.3327416,2009-09-01 09:16:20
128,39.9754316,116.3327733,2009-09-01 09:16:22
128,39.975445,116.3328083,2009-09-01 09:16:24
128,39.9754366,116.3328449,2009-09-01 09:16:26
128,39.9754249,116.3329566,2009-09-01 09:16:30
128,39.9754166,116.3330233,2009-09-01 09:16:34
128,39.9754183,116.3330449,2009-09-01 09:16:36
128,39.9754033,116.3331083,2009-09-01 09:16:38
128,39.9753966,116.3331716,2009-09-01 09:16:40
128,39.97539,116.3331966,2009-09-01 09:16:42
128,39.9753783,116.33321,2009-09-01 09:16:44
128,39.9753833,116.33326,2009-09-01 09:16:46
128,39.9753849,116.3333033,2009-09-01 09:16:48
128,39.9753883,116.3333383,2009-09-01 09:16:50
128,39.9753916,116.3333683,2009-09-01 09:16:52
128,39.9753833,116.3333833,2009-09-01 09:16:54
128,39.97539,116.3334333,2009-09-01 09:16:56
128,39.9754033,116.3335133,2009-09-01 09:17:00
128,39.9754083,116.3335516,2009-09-01 09:17:02
128,39.9754033,116.3335616,2009-09-01 09:17:04
128,39.9753916,116.3335533,2009-09-01 09:17:06
128,39.9754,116.3335849,2009-09-01 09:17:08
128,39.9754,116.3336066,2009-09-01 09:17:10
128,39.9753933,116.3336216,2009-09-01 09:17:12
128,39.9753949,116.33363,2009-09-01 09:17:14
128,39.9752816,116.3343549,2009-09-01 09:18:14
128,39.9752683,116.3343816,2009-09-01 09:18:16
128,39.9752683,116.3344116,2009-09-01 09:18:19
128,39.97528,116.3344016,2009-09-01 09:18:22
128,39.9753333,116.3345066,2009-09-01 09:18:24
128,39.9753583,116.3345833,2009-09-01 09:18:28
128,39.9753549,116.3346183,2009-09-01 09:18:30
128,39.97539,116.3346983,2009-09-01 09:18:34
128,39.97536,116.33469,2009-09-01 09:18:38
128,39.9753566,116.334745,2009-09-01 09:18:40
128,39.9753666,116.3348216,2009-09-01 09:18:44
128,39.9753733,116.3348533,2009-09-01 09:18:46
128,39.975375,116.3348733,2009-09-01 09:18:48
128,39.9753883,116.33492,2009-09-01 09:18:50
128,39.97539,116.3349466,2009-09-01 09:18:52
128,39.9754066,116.335005,2009-09-01 09:18:54
128,39.97543,116.3350716,2009-09-01 09:18:58
128,39.9754649,116.3351483,2009-09-01 09:19:02
128,39.9754483,116.3351599,2009-09-01 09:19:06
128,39.9754616,116.3352249,2009-09-01 09:19:08
128,39.9754683,116.3352999,2009-09-01 09:19:12
128,39.9754616,116.3352966,2009-09-01 09:19:14
128,39.9754349,116.3352733,2009-09-01 09:19:16
128,39.9754499,116.3352733,2009-09-01 09:19:18
128,39.9754433,116.3352916,2009-09-01 09:19:20
128,39.975415,116.3352233,2009-09-01 09:19:23
128,39.97542,116.3352666,2009-09-01 09:19:25
128,39.9754099,116.3352833,2009-09-01 09:19:27
128,39.9754116,116.3352983,2009-09-01 09:19:29
128,39.9754083,116.3352883,2009-09-01 09:19:32
128,39.8920966,116.4539683,2009-09-01 10:01:03
128,39.8920199,116.4539016,2009-09-01 10:01:05
128,39.8920183,116.4538766,2009-09-01 10:01:07
128,39.8920066,116.4538516,2009-09-01 10:01:09
128,39.8919983,116.4538266,2009-09-01 10:01:11
128,39.8919933,116.4538049,2009-09-01 10:01:13
128,39.8919866,116.4537816,2009-09-01 10:01:15
128,39.8919749,116.4537566,2009-09-01 10:01:17
128,39.8919683,116.4537683,2009-09-01 10:01:19
128,39.8918899,116.4537366,2009-09-01 10:01:25
128,39.8918899,116.4537149,2009-09-01 10:01:27
128,39.8918916,116.4536799,2009-09-01 10:01:29
128,39.8918966,116.4536516,2009-09-01 10:01:31
128,39.8918916,116.453615,2009-09-01 10:01:33
128,39.8918899,116.4535783,2009-09-01 10:01:35
128,39.891895,116.4535549,2009-09-01 10:01:37
128,39.8919,116.4535383,2009-09-01 10:01:39
128,39.8918966,116.4535116,2009-09-01 10:01:41
128,39.8918966,116.4534933,2009-09-01 10:01:43
128,39.8919083,116.4534783,2009-09-01 10:01:45
128,39.8919283,116.4534733,2009-09-01 10:01:47
128,39.8919266,116.4534366,2009-09-01 10:01:49
128,39.8919333,116.45341,2009-09-01 10:01:51
128,39.8919333,116.4533783,2009-09-01 10:01:53
128,39.8919383,116.4533616,2009-09-01 10:01:55
128,39.8919499,116.4533633,2009-09-01 10:01:57
128,39.8919516,116.4533566,2009-09-01 10:01:59
128,39.8919883,116.4533483,2009-09-01 10:02:01
128,39.8919966,116.4533149,2009-09-01 10:02:03
128,39.8919933,116.4532766,2009-09-01 10:02:05
128,39.8919933,116.4532383,2009-09-01 10:02:07
128,39.8919916,116.4531966,2009-09-01 10:02:09
128,39.8919933,116.4531616,2009-09-01 10:02:11
128,39.8919933,116.4531316,2009-09-01 10:02:13
128,39.8919933,116.4531083,2009-09-01 10:02:15
128,39.891995,116.4530833,2009-09-01 10:02:17
128,39.8919916,116.4530533,2009-09-01 10:02:19
128,39.8919933,116.4530283,2009-09-01 10:02:21
128,39.8920033,116.4530166,2009-09-01 10:02:23
128,39.8921916,116.4531283,2009-09-01 10:02:26
128,39.8922766,116.4531666,2009-09-01 10:02:28
128,39.8924083,116.4532083,2009-09-01 10:02:32
128,39.8924749,116.45323,2009-09-01 10:02:34
128,39.8925183,116.45323,2009-09-01 10:02:36
128,39.8925649,116.4532133,2009-09-01 10:02:38
128,39.8925899,116.4532016,2009-09-01 10:02:40
128,39.8926233,116.4531866,2009-09-01 10:02:42
128,39.8926816,116.4531933,2009-09-01 10:02:44
128,39.8927033,116.4531816,2009-09-01 10:02:46
128,39.8927066,116.4531633,2009-09-01 10:02:48
128,39.8927149,116.4531549,2009-09-01 10:02:50
128,39.892725,116.4531466,2009-09-01 10:02:52
128,39.8927416,116.4531466,2009-09-01 10:02:54
128,39.89275,116.4531366,2009-09-01 10:02:56
128,39.8927599,116.4531283,2009-09-01 10:02:58
128,39.8928183,116.4531416,2009-09-01 10:03:00
128,39.892835,116.4531316,2009-09-01 10:03:02
128,39.892835,116.4531283,2009-09-01 10:03:04
128,39.89282,116.45313,2009-09-01 10:03:06
128,39.8928066,116.4531316,2009-09-01 10:03:08
128,39.8927966,116.4531316,2009-09-01 10:03:10
128,39.8927833,116.4531383,2009-09-01 10:03:12
128,39.8927666,116.453125,2009-09-01 10:03:14
128,39.8927633,116.4531233,2009-09-01 10:03:16
128,39.8927699,116.4531233,2009-09-01 10:03:18
128,39.8927749,116.4531199,2009-09-01 10:03:20
128,39.8927749,116.45313,2009-09-01 10:03:22
128,39.8927749,116.4531366,2009-09-01 10:03:24
128,39.8927733,116.45315,2009-09-01 10:03:26
128,39.8927483,116.4531883,2009-09-01 10:03:28
128,39.89267,116.4532216,2009-09-01 10:03:30
128,39.892585,116.4532249,2009-09-01 10:03:32
128,39.8924949,116.4532383,2009-09-01 10:03:34
128,39.8923466,116.4533083,2009-09-01 10:03:38
128,39.8922316,116.4533266,2009-09-01 10:03:42
128,39.8921766,116.4532933,2009-09-01 10:03:46
128,39.8921566,116.4532916,2009-09-01 10:03:48
128,39.8921299,116.4532733,2009-09-01 10:03:50
128,39.8921216,116.4532733,2009-09-01 10:03:52
128,39.8921566,116.4532799,2009-09-01 10:03:54
128,39.8921549,116.4533333,2009-09-01 10:03:56
128,39.8921716,116.4533783,2009-09-01 10:03:58
128,39.8921866,116.4534149,2009-09-01 10:04:00
128,39.8921949,116.453445,2009-09-01 10:04:02
128,39.8921933,116.4534699,2009-09-01 10:04:04
128,39.89219,116.4534983,2009-09-01 10:04:06
128,39.8921983,116.4535249,2009-09-01 10:04:08
128,39.8922133,116.4535583,2009-09-01 10:04:10
128,39.8922149,116.4535683,2009-09-01 10:04:12
128,39.8922416,116.4535633,2009-09-01 10:04:14
128,39.8922699,116.45358,2009-09-01 10:04:16
128,39.892305,116.4535866,2009-09-01 10:04:18
128,39.8923133,116.4536099,2009-09-01 10:04:20
128,39.8923349,116.4536066,2009-09-01 10:04:22
128,39.8923516,116.4536099,2009-09-01 10:04:24
128,39.8923733,116.4536033,2009-09-01 10:04:26
128,39.8923666,116.4535933,2009-09-01 10:04:28
128,39.8923699,116.4535983,2009-09-01 10:04:30
128,39.8923699,116.4536099,2009-09-01 10:04:32
128,39.8923833,116.4536383,2009-09-01 10:04:34
128,39.8923783,116.4536833,2009-09-01 10:04:36
128,39.8923666,116.4537349,2009-09-01 10:04:38
128,39.892345,116.4537849,2009-09-01 10:04:40
128,39.8923333,116.4538183,2009-09-01 10:04:42
128,39.89233,116.4538549,2009-09-01 10:04:44
128,39.8923333,116.4538849,2009-09-01 10:04:46
128,39.8923516,116.4539483,2009-09-01 10:04:48
128,39.8923983,116.454005,2009-09-01 10:04:50
128,39.8924083,116.4540433,2009-09-01 10:04:52
128,39.8924233,116.4540716,2009-09-01 10:04:54
128,39.8924216,116.4540949,2009-09-01 10:04:56
128,39.8924233,116.4541199,2009-09-01 10:04:58
128,39.8924183,116.4541433,2009-09-01 10:05:00
128,39.8924183,116.4541866,2009-09-01 10:05:02
128,39.8924033,116.4542183,2009-09-01 10:05:04
128,39.89239,116.4542483,2009-09-01 10:05:06
128,39.8924,116.4542916,2009-09-01 10:05:08
128,39.8924049,116.454335,2009-09-01 10:05:10
128,39.8924199,116.4543733,2009-09-01 10:05:12
128,39.8924499,116.4544333,2009-09-01 10:05:14
128,39.892485,116.4545183,2009-09-01 10:05:16
128,39.8924783,116.4545699,2009-09-01 10:05:18
128,39.8924749,116.45461,2009-09-01 10:05:20
128,39.8924683,116.4546416,2009-09-01 10:05:22
128,39.8924616,116.4546683,2009-09-01 10:05:24
128,39.892485,116.4546466,2009-09-01 10:05:26
128,39.8925533,116.4546033,2009-09-01 10:05:28
128,39.8925466,116.4545383,2009-09-01 10:05:30
128,39.8925083,116.4544516,2009-09-01 10:05:32
128,39.8924833,116.4544316,2009-09-01 10:05:34
128,39.8924716,116.4544149,2009-09-01 10:05:36
128,39.8924683,116.4544116,2009-09-01 10:05:38
128,39.8924633,116.454405,2009-09-01 10:05:40
128,39.8924583,116.4543983,2009-09-01 10:05:42
128,39.8924366,116.45437,2009-09-01 10:06:07
128,39.8924282,116.4543666,2009-09-01 10:06:09
128,39.8924216,116.4543633,2009-09-01 10:06:11
128,39.8924216,116.4543633,2009-09-01 10:06:13
128,39.8924166,116.4543583,2009-09-01 10:06:15
128,39.8924183,116.4543483,2009-09-01 10:06:17
128,39.89243,116.4543316,2009-09-01 10:06:19
128,39.8924416,116.4543083,2009-09-01 10:06:44
128,39.8924333,116.4543133,2009-09-01 10:06:46
128,39.8924399,116.4543033,2009-09-01 10:06:55
128,39.8924366,116.4543066,2009-09-01 10:08:30
128,39.8924366,116.4543066,2009-09-01 10:10:39
128,39.8924349,116.4543083,2009-09-01 10:10:41
128,39.8923816,116.45435,2009-09-01 10:10:45
128,39.89239,116.4543416,2009-09-01 10:10:47
128,39.8924133,116.4543216,2009-09-01 10:11:04
128,39.8924066,116.4543266,2009-09-01 10:11:06
128,39.8923966,116.4543333,2009-09-01 10:11:08
128,39.8924199,116.4543166,2009-09-01 10:11:10
128,39.8924649,116.4542783,2009-09-01 10:11:12
128,39.8925283,116.4542283,2009-09-01 10:11:14
128,39.8925749,116.4541916,2009-09-01 10:11:16
128,39.8925966,116.454175,2009-09-01 10:11:18
128,39.8926116,116.4541633,2009-09-01 10:11:20
128,39.89267,116.4541183,2009-09-01 10:11:22
128,39.892695,116.4540999,2009-09-01 10:11:24
128,39.8927266,116.4540766,2009-09-01 10:11:26
128,39.8927283,116.454075,2009-09-01 10:11:28
128,39.8927183,116.4540849,2009-09-01 10:11:30
128,39.892695,116.454105,2009-09-01 10:11:50
128,39.8926899,116.4541083,2009-09-01 10:11:52
128,39.8926899,116.4541083,2009-09-01 10:12:26
128,39.892695,116.4541083,2009-09-01 10:12:28
128,39.8927066,116.4541183,2009-09-01 10:12:30
128,39.8927166,116.4541183,2009-09-01 10:12:32
128,39.8927233,116.4541266,2009-09-01 10:12:34
128,39.8927316,116.454145,2009-09-01 10:12:36
128,39.892735,116.4541516,2009-09-01 10:12:38
128,39.89274,116.4541633,2009-09-01 10:12:41
128,39.8927316,116.4541716,2009-09-01 10:12:46
128,39.8927299,116.45418,2009-09-01 10:12:48
128,39.8927299,116.45419,2009-09-01 10:13:02
128,39.8927316,116.4541966,2009-09-01 10:13:04
128,39.8927316,116.4541966,2009-09-01 10:13:23
128,39.8927366,116.4541883,2009-09-01 10:13:25
128,39.8927466,116.4541866,2009-09-01 10:13:27
128,39.892735,116.4541783,2009-09-01 10:13:36
128,39.8927416,116.4541933,2009-09-01 10:13:38
128,39.89274,116.4542083,2009-09-01 10:13:40
128,39.8927366,116.4542216,2009-09-01 10:13:42
128,39.8927149,116.45423,2009-09-01 10:13:44
128,39.8927049,116.4542516,2009-09-01 10:13:46
128,39.8926883,116.4542816,2009-09-01 10:13:48
128,39.892655,116.4542983,2009-09-01 10:13:50
128,39.8926382,116.4543266,2009-09-01 10:13:52
128,39.8926216,116.4543533,2009-09-01 10:13:54
128,39.892595,116.4543766,2009-09-01 10:13:56
128,39.8925583,116.4544033,2009-09-01 10:13:58
128,39.8925499,116.4544233,2009-09-01 10:14:00
128,39.8925466,116.4544516,2009-09-01 10:14:02
128,39.8925816,116.4544999,2009-09-01 10:14:04
128,39.8926016,116.4545416,2009-09-01 10:14:06
128,39.8926133,116.4545733,2009-09-01 10:14:08
128,39.8926216,116.4546066,2009-09-01 10:14:10
128,39.8926199,116.4546383,2009-09-01 10:14:12
128,39.8926333,116.4546666,2009-09-01 10:14:14
128,39.8926433,116.4546983,2009-09-01 10:14:16
128,39.8926533,116.4547266,2009-09-01 10:14:18
128,39.8926449,116.4547783,2009-09-01 10:14:20
128,39.8926499,116.454825,2009-09-01 10:14:22
128,39.8926599,116.4548583,2009-09-01 10:14:24
128,39.8926749,116.4548999,2009-09-01 10:14:26
128,39.8926966,116.4549183,2009-09-01 10:14:28
128,39.8927199,116.4549233,2009-09-01 10:14:30
128,39.8927466,116.4549216,2009-09-01 10:14:32
128,39.8927699,116.4549199,2009-09-01 10:14:34
128,39.892795,116.4549149,2009-09-01 10:14:36
128,39.89282,116.4549049,2009-09-01 10:14:38
128,39.8928433,116.4548983,2009-09-01 10:14:40
128,39.8928683,116.4548966,2009-09-01 10:14:42
128,39.8928916,116.4548933,2009-09-01 10:14:44
128,39.892905,116.4549333,2009-09-01 10:14:46
128,39.8929133,116.454965,2009-09-01 10:14:48
128,39.8929233,116.4550333,2009-09-01 10:14:51
128,39.9857733,116.4358916,2009-09-01 13:29:36
128,39.9866099,116.4364366,2009-09-01 13:29:42
128,39.9874066,116.4370666,2009-09-01 13:29:48
128,39.9882183,116.4375949,2009-09-01 13:29:54
128,39.9890166,116.4381133,2009-09-01 13:30:00
128,39.9897999,116.4386499,2009-09-01 13:30:06
128,39.9905766,116.4391899,2009-09-01 13:30:12
128,39.9913566,116.4397216,2009-09-01 13:30:18
128,39.9921166,116.4402199,2009-09-01 13:30:24
128,39.9927449,116.4406416,2009-09-01 13:30:30
128,39.9932183,116.4409733,2009-09-01 13:30:36
128,39.993575,116.4413433,2009-09-01 13:30:42
128,40.0113533,116.4484899,2009-09-01 13:33:31
128,40.0123133,116.4487066,2009-09-01 13:33:37
128,40.0132466,116.44906,2009-09-01 13:33:43
128,40.0204666,116.4513049,2009-09-01 13:34:28
128,40.0212883,116.4516983,2009-09-01 13:34:34
128,40.0221733,116.4520033,2009-09-01 13:34:40
128,40.0229966,116.4524083,2009-09-01 13:34:46
128,40.0239016,116.4526883,2009-09-01 13:34:52
128,40.0267683,116.4532866,2009-09-01 13:35:14
128,40.0276566,116.4534483,2009-09-01 13:35:20
128,40.0290533,116.4533916,2009-09-01 13:35:29
128,40.0300183,116.4530616,2009-09-01 13:35:35
128,40.0309333,116.4525449,2009-09-01 13:35:41
128,40.0317916,116.451855,2009-09-01 13:35:47
128,40.0325349,116.4510416,2009-09-01 13:35:53
128,40.0350316,116.4440466,2009-09-01 13:36:28
128,40.0355516,116.4428583,2009-09-01 13:36:34
128,40.0360783,116.441645,2009-09-01 13:36:40
128,40.0365799,116.44047,2009-09-01 13:36:46
128,40.0370366,116.4394033,2009-09-01 13:36:52
128,40.0374983,116.4383499,2009-09-01 13:36:58
128,40.0380649,116.4374099,2009-09-01 13:37:04
128,40.0385899,116.4365133,2009-09-01 13:37:10
128,40.0389899,116.4354783,2009-09-01 13:37:16
128,40.0392249,116.43433,2009-09-01 13:37:22
128,40.0395866,116.4332333,2009-09-01 13:37:28
128,40.0400333,116.4322016,2009-09-01 13:37:34
128,40.0404766,116.4311866,2009-09-01 13:37:40
128,40.0408599,116.4302516,2009-09-01 13:37:46
128,40.0411649,116.4295333,2009-09-01 13:37:52
128,40.041415,116.4289616,2009-09-01 13:37:58
128,40.0416399,116.4284849,2009-09-01 13:38:04
128,40.0418116,116.42813,2009-09-01 13:38:10
128,40.0418683,116.4280233,2009-09-01 13:38:14
128,40.0418566,116.427975,2009-09-01 13:38:18
128,40.0418666,116.4279533,2009-09-01 13:38:22
128,40.0418633,116.4279633,2009-09-01 13:38:24
128,40.0418516,116.4279816,2009-09-01 13:38:31
128,40.0418549,116.42799,2009-09-01 13:38:33
128,40.0418566,116.4279966,2009-09-01 13:38:35
128,40.0418583,116.428005,2009-09-01 13:38:37
128,40.0418566,116.4280166,2009-09-01 13:38:39
128,40.0418566,116.4280166,2009-09-01 13:38:48
128,40.0418533,116.4280133,2009-09-01 13:38:50
128,40.0418766,116.4279516,2009-09-01 13:38:52
128,40.041965,116.4276983,2009-09-01 13:38:56
128,40.0421316,116.4272833,2009-09-01 13:39:00
128,40.0424883,116.4264049,2009-09-01 13:39:06
128,40.0429766,116.4252949,2009-09-01 13:39:12
128,40.0434499,116.4241066,2009-09-01 13:39:18
128,40.04396,116.4228916,2009-09-01 13:39:24
128,40.0444833,116.4216799,2009-09-01 13:39:30
128,40.0449799,116.420485,2009-09-01 13:39:36
128,40.0454266,116.4192883,2009-09-01 13:39:42
128,40.0458866,116.4181366,2009-09-01 13:39:48
128,40.0463916,116.4170016,2009-09-01 13:39:54
128,40.0468983,116.4159266,2009-09-01 13:40:00
128,40.0473833,116.4148633,2009-09-01 13:40:06
128,40.04786,116.4137899,2009-09-01 13:40:12
128,40.0483266,116.4127233,2009-09-01 13:40:18
128,40.0487483,116.4116866,2009-09-01 13:40:24
128,40.0491516,116.4107033,2009-09-01 13:40:30
128,40.0495299,116.4097733,2009-09-01 13:40:36
128,40.0499266,116.4088566,2009-09-01 13:40:42
128,40.05031,116.4079733,2009-09-01 13:40:48
128,40.0507016,116.40716,2009-09-01 13:40:54
128,40.0510416,116.4063716,2009-09-01 13:41:00
128,40.0513183,116.4057216,2009-09-01 13:41:06
128,40.0515716,116.4052366,2009-09-01 13:41:12
128,40.0517416,116.4049149,2009-09-01 13:41:18
128,40.0517833,116.4047566,2009-09-01 13:41:22
128,40.0517966,116.4047033,2009-09-01 13:41:26
128,40.0518133,116.4046899,2009-09-01 13:41:30
128,40.0518166,116.4046749,2009-09-01 13:41:32
128,40.0517466,116.4045466,2009-09-01 13:42:05
128,40.0517483,116.4045316,2009-09-01 13:42:07
128,40.0517683,116.4044716,2009-09-01 13:42:09
128,40.0518733,116.4042266,2009-09-01 13:42:13
128,40.0520916,116.4037716,2009-09-01 13:42:17
128,40.0525333,116.4028733,2009-09-01 13:42:23
128,40.0529666,116.4017566,2009-09-01 13:42:29
128,40.0534599,116.4006183,2009-09-01 13:42:35
128,40.053955,116.3995016,2009-09-01 13:42:41
128,40.0544116,116.3983883,2009-09-01 13:42:47
128,40.0548466,116.3972766,2009-09-01 13:42:53
128,40.0553266,116.3961166,2009-09-01 13:42:59
128,40.0557999,116.3949699,2009-09-01 13:43:05
128,40.0562749,116.3938099,2009-09-01 13:43:11
128,40.056755,116.3926666,2009-09-01 13:43:17
128,40.0572016,116.3915749,2009-09-01 13:43:23
128,40.0576399,116.3904933,2009-09-01 13:43:29
128,40.0580799,116.3893533,2009-09-01 13:43:35
128,40.0585616,116.3881983,2009-09-01 13:43:41
128,40.0590366,116.3870449,2009-09-01 13:43:47
128,40.0595099,116.3859066,2009-09-01 13:43:53
128,40.0600733,116.384795,2009-09-01 13:43:59
128,40.0605666,116.3836966,2009-09-01 13:44:05
128,40.0610583,116.3826533,2009-09-01 13:44:11
128,40.06151,116.3816166,2009-09-01 13:44:17
128,40.0619866,116.3805,2009-09-01 13:44:23
128,40.0624383,116.3793866,2009-09-01 13:44:29
128,40.0628816,116.3782799,2009-09-01 13:44:35
128,40.0633049,116.3772066,2009-09-01 13:44:41
128,40.0637433,116.3761383,2009-09-01 13:44:47
128,40.0641949,116.3750733,2009-09-01 13:44:53
128,40.0646349,116.3740266,2009-09-01 13:44:59
128,40.0650733,116.3730049,2009-09-01 13:45:05
128,40.0655116,116.3719683,2009-09-01 13:45:11
128,40.0659433,116.3709099,2009-09-01 13:45:17
128,40.0664283,116.3697549,2009-09-01 13:45:23
128,40.0669133,116.3685849,2009-09-01 13:45:29
128,40.0674049,116.3674149,2009-09-01 13:45:35
128,40.0678849,116.3662833,2009-09-01 13:45:41
128,40.0683199,116.3651599,2009-09-01 13:45:47
128,40.0686716,116.3640099,2009-09-01 13:45:53
128,40.0689783,116.36282,2009-09-01 13:45:59
128,40.0691633,116.36165,2009-09-01 13:46:05
128,40.06927,116.3604916,2009-09-01 13:46:11
128,40.0692849,116.3593149,2009-09-01 13:46:17
128,40.0692799,116.3581333,2009-09-01 13:46:23
128,40.0692749,116.3570666,2009-09-01 13:46:29
128,40.0692849,116.3561566,2009-09-01 13:46:35
128,40.0693016,116.3554199,2009-09-01 13:46:41
128,40.0692816,116.3550116,2009-09-01 13:46:47
128,40.0692,116.3550866,2009-09-01 13:46:56
128,40.0691883,116.3551016,2009-09-01 13:47:00
128,40.0691816,116.3550783,2009-09-01 13:47:02
128,40.0692066,116.3549933,2009-09-01 13:47:07
128,40.0690666,116.3547016,2009-09-01 13:47:14
128,40.0690199,116.3546183,2009-09-01 13:47:16
128,40.068995,116.3545649,2009-09-01 13:47:18
128,40.06896,116.3545183,2009-09-01 13:47:34
128,40.0689483,116.3543783,2009-09-01 13:47:44
128,40.0688533,116.354125,2009-09-01 13:47:48
128,40.0687449,116.353755,2009-09-01 13:47:52
128,40.0672466,116.3524533,2009-09-01 13:48:07
128,40.0665066,116.3520349,2009-09-01 13:48:13
128,40.066025,116.3514816,2009-09-01 13:48:19
128,40.0654199,116.3507749,2009-09-01 13:48:27
128,40.0649933,116.3499799,2009-09-01 13:48:34
128,40.0645816,116.3488916,2009-09-01 13:48:42
128,40.0643916,116.3477649,2009-09-01 13:48:48
128,40.0640949,116.3462783,2009-09-01 13:48:56
128,40.0640199,116.3451,2009-09-01 13:49:02
128,40.0640999,116.3436949,2009-09-01 13:49:08
128,40.0642333,116.3422466,2009-09-01 13:49:14
128,40.064325,116.3409149,2009-09-01 13:49:20
128,40.0644433,116.3396516,2009-09-01 13:49:26
128,40.0687433,116.33181,2009-09-01 13:49:39
128,40.0697916,116.3298583,2009-09-01 13:49:49
128,40.0697466,116.3297416,2009-09-01 13:49:55
128,40.0696916,116.3296783,2009-09-01 13:49:59
128,40.0696049,116.3296283,2009-09-01 13:50:03
128,40.0695766,116.3295566,2009-09-01 13:50:07
128,40.0695866,116.3295199,2009-09-01 13:50:09
128,40.0696299,116.3294333,2009-09-01 13:50:11
128,40.0696283,116.3293966,2009-09-01 13:50:13
128,40.0695533,116.3294099,2009-09-01 13:50:15
128,40.0694983,116.3294449,2009-09-01 13:50:17
128,40.0694633,116.3294583,2009-09-01 13:50:19
128,40.0694366,116.32949,2009-09-01 13:50:21
128,40.0694216,116.329525,2009-09-01 13:50:23
128,40.0694216,116.3295449,2009-09-01 13:50:25
128,40.0694166,116.3295683,2009-09-01 13:50:27
128,40.069405,116.3295816,2009-09-01 13:50:29
128,40.0693983,116.3295999,2009-09-01 13:51:05
128,40.069405,116.3295883,2009-09-01 13:51:07
128,40.06941,116.3295799,2009-09-01 13:51:09
128,40.0694816,116.3301849,2009-09-01 13:51:28
128,40.0694949,116.3300833,2009-09-01 13:51:30
128,40.0694266,116.330015,2009-09-01 13:51:32
128,40.0694233,116.3299783,2009-09-01 13:51:34
128,40.0694583,116.3299699,2009-09-01 13:51:36
128,40.0695183,116.3299416,2009-09-01 13:51:41
128,40.0695416,116.3299166,2009-09-01 13:51:43
128,40.0695949,116.3298466,2009-09-01 13:51:47
128,40.0696066,116.3298133,2009-09-01 13:51:51
128,40.0696433,116.3297716,2009-09-01 13:51:53
128,40.0696466,116.3297533,2009-09-01 13:51:55
128,40.0696616,116.3297383,2009-09-01 13:51:57
128,40.0696699,116.3297183,2009-09-01 13:51:59
128,40.0696833,116.3297133,2009-09-01 13:52:01
128,40.0696883,116.3297066,2009-09-01 13:52:03
128,40.0696949,116.3297016,2009-09-01 13:52:05
128,40.0697049,116.3296983,2009-09-01 13:52:07
128,40.0697133,116.3296816,2009-09-01 13:52:09
128,40.0697116,116.3296666,2009-09-01 13:52:11
128,40.0697116,116.3296366,2009-09-01 13:52:13
128,40.0697066,116.3296083,2009-09-01 13:52:15
128,40.0696966,116.3295716,2009-09-01 13:52:17
128,40.0696933,116.3295283,2009-09-01 13:52:19
128,40.0696866,116.3294716,2009-09-01 13:52:21
128,40.0696749,116.3294266,2009-09-01 13:52:23
128,40.0696633,116.3293933,2009-09-01 13:52:25
128,40.0696583,116.329365,2009-09-01 13:52:27
128,40.06965,116.3293366,2009-09-01 13:52:29
128,40.0696533,116.3293049,2009-09-01 13:52:31
128,40.0696616,116.3292849,2009-09-01 13:52:33
128,40.0696733,116.3292583,2009-09-01 13:52:35
128,40.069685,116.3292399,2009-09-01 13:52:37
128,40.0696966,116.3292233,2009-09-01 13:52:39
128,40.0697049,116.3292033,2009-09-01 13:52:41
128,40.0697083,116.3291833,2009-09-01 13:52:43
128,40.0697099,116.32916,2009-09-01 13:52:45
128,40.0697083,116.3291449,2009-09-01 13:52:47
128,40.0697049,116.3291366,2009-09-01 13:52:49
128,40.0696583,116.3291583,2009-09-01 13:53:06
128,40.0696833,116.3291483,2009-09-01 13:53:08
128,40.0697083,116.3291316,2009-09-01 13:53:10
128,40.0697433,116.3290866,2009-09-01 13:53:12
128,40.0698416,116.3289899,2009-09-01 13:53:16
128,40.0698916,116.3289716,2009-09-01 13:53:20
128,40.0700449,116.3289416,2009-09-01 13:53:24
128,40.0701149,116.3289333,2009-09-01 13:53:28
128,40.07016,116.3289216,2009-09-01 13:53:30
128,40.0701866,116.3289233,2009-09-01 13:53:32
128,40.0702133,116.3289216,2009-09-01 13:53:34
128,40.0702433,116.3289166,2009-09-01 13:53:36
128,40.0702733,116.3289133,2009-09-01 13:53:38
128,40.0703,116.3289133,2009-09-01 13:53:40
128,40.0703266,116.3289099,2009-09-01 13:53:42
128,40.0703499,116.3289066,2009-09-01 13:53:44
128,40.0703733,116.3289033,2009-09-01 13:53:46
128,40.0703983,116.3289033,2009-09-01 13:53:48
128,40.0704233,116.3289016,2009-09-01 13:53:50
128,40.0704483,116.3289033,2009-09-01 13:53:52
128,40.0704716,116.3288983,2009-09-01 13:53:54
128,40.0704966,116.328895,2009-09-01 13:53:56
128,40.0705216,116.328895,2009-09-01 13:53:58
128,40.0705466,116.3288916,2009-09-01 13:54:00
128,40.0705716,116.3288849,2009-09-01 13:54:02
128,40.0705933,116.3288816,2009-09-01 13:54:04
128,40.0706166,116.32888,2009-09-01 13:54:06
128,40.0706416,116.32888,2009-09-01 13:54:08
128,40.0706666,116.3288783,2009-09-01 13:54:10
128,40.0706899,116.3288733,2009-09-01 13:54:12
128,40.0707116,116.3288699,2009-09-01 13:54:14
128,40.0707366,116.3288699,2009-09-01 13:54:16
128,40.0707599,116.3288683,2009-09-01 13:54:18
128,40.0707816,116.3288666,2009-09-01 13:54:20
128,40.0708049,116.3288633,2009-09-01 13:54:22
128,40.0708299,116.3288616,2009-09-01 13:54:24
128,40.0708516,116.3288583,2009-09-01 13:54:26
128,40.0708749,116.3288566,2009-09-01 13:54:28
128,40.0708983,116.3288533,2009-09-01 13:54:30
128,40.07092,116.3288516,2009-09-01 13:54:32
128,40.0709449,116.3288483,2009-09-01 13:54:34
128,40.0709699,116.3288433,2009-09-01 13:54:36
128,40.0709916,116.3288383,2009-09-01 13:54:38
128,40.0710166,116.3288316,2009-09-01 13:54:40
128,40.0710383,116.3288283,2009-09-01 13:54:42
128,40.0710633,116.328825,2009-09-01 13:54:44
128,40.0710866,116.328825,2009-09-01 13:54:46
128,40.0711099,116.328825,2009-09-01 13:54:48
128,40.0711316,116.3288233,2009-09-01 13:54:50
128,40.071155,116.3288199,2009-09-01 13:54:52
128,40.0711749,116.3288166,2009-09-01 13:54:54
128,40.0711966,116.3288133,2009-09-01 13:54:56
128,40.0712183,116.32881,2009-09-01 13:54:58
128,40.0712399,116.3288066,2009-09-01 13:55:00
128,40.0712633,116.3288033,2009-09-01 13:55:02
128,40.0712866,116.3288033,2009-09-01 13:55:04
128,40.0713083,116.3288016,2009-09-01 13:55:06
128,40.07133,116.3287949,2009-09-01 13:55:08
128,40.0713516,116.32879,2009-09-01 13:55:10
128,40.0713733,116.3287866,2009-09-01 13:55:12
128,40.0713966,116.3287816,2009-09-01 13:55:14
128,40.0714216,116.3287783,2009-09-01 13:55:16
128,40.0714466,116.328775,2009-09-01 13:55:18
128,40.07147,116.328775,2009-09-01 13:55:20
128,40.0714949,116.3287766,2009-09-01 13:55:22
128,40.0715183,116.328775,2009-09-01 13:55:24
128,40.0715383,116.3287616,2009-09-01 13:55:26
128,40.0715583,116.328755,2009-09-01 13:55:28
128,40.0715849,116.3287466,2009-09-01 13:55:30
128,40.0716083,116.3287299,2009-09-01 13:55:32
128,40.0716283,116.3287299,2009-09-01 13:55:34
128,40.0716516,116.3287166,2009-09-01 13:55:36
128,40.071675,116.328705,2009-09-01 13:55:38
128,40.0716933,116.3286949,2009-09-01 13:55:40
128,40.0717166,116.3286916,2009-09-01 13:55:42
128,40.0717383,116.328685,2009-09-01 13:55:44
128,40.0717616,116.328685,2009-09-01 13:55:46
128,40.0717866,116.3286816,2009-09-01 13:55:48
128,40.07181,116.3286749,2009-09-01 13:55:50
128,40.0718316,116.3286733,2009-09-01 13:55:52
128,40.0718533,116.3286716,2009-09-01 13:55:54
128,40.071875,116.3286716,2009-09-01 13:55:56
128,40.0718983,116.3286683,2009-09-01 13:55:58
128,40.0719199,116.3286649,2009-09-01 13:56:00
128,40.071945,116.3286583,2009-09-01 13:56:02
128,40.0719683,116.32865,2009-09-01 13:56:04
128,40.0719933,116.3286416,2009-09-01 13:56:06
128,40.0720166,116.3286399,2009-09-01 13:56:08
128,40.0720366,116.3286466,2009-09-01 13:56:10
128,40.072055,116.3286449,2009-09-01 13:56:12
128,40.0720783,116.3286466,2009-09-01 13:56:14
128,40.0720999,116.3286416,2009-09-01 13:56:16
128,40.0721233,116.3286366,2009-09-01 13:56:18
128,40.0721466,116.3286283,2009-09-01 13:56:20
128,40.0721683,116.3286183,2009-09-01 13:56:22
128,40.0721833,116.3286249,2009-09-01 13:56:24
128,40.0721999,116.3286283,2009-09-01 13:56:26
128,40.0722183,116.3286283,2009-09-01 13:56:28
128,40.0722299,116.3286366,2009-09-01 13:56:30
128,40.0722483,116.3286383,2009-09-01 13:56:32
128,40.0722683,116.3286383,2009-09-01 13:56:34
128,40.0722883,116.3286366,2009-09-01 13:56:36
128,40.0723099,116.3286266,2009-09-01 13:56:38
128,40.0723316,116.3286216,2009-09-01 13:56:40
128,40.0723533,116.3286216,2009-09-01 13:56:42
128,40.0723766,116.3286183,2009-09-01 13:56:44
128,40.0724016,116.328615,2009-09-01 13:56:46
128,40.072425,116.3286083,2009-09-01 13:56:48
128,40.0724483,116.3286,2009-09-01 13:56:50
128,40.0724699,116.3285899,2009-09-01 13:56:52
128,40.0724916,116.3285833,2009-09-01 13:56:54
128,40.0725116,116.3285733,2009-09-01 13:56:56
128,40.0725333,116.328565,2009-09-01 13:56:58
128,40.0725549,116.3285616,2009-09-01 13:57:00
128,40.0725749,116.3285583,2009-09-01 13:57:02
128,40.0725966,116.3285583,2009-09-01 13:57:04
128,40.0726183,116.3285516,2009-09-01 13:57:06
128,40.0726416,116.3285399,2009-09-01 13:57:08
128,40.072665,116.3285283,2009-09-01 13:57:10
128,40.0726833,116.3285116,2009-09-01 13:57:12
128,40.0726966,116.3285033,2009-09-01 13:57:14
128,40.0727183,116.328495,2009-09-01 13:57:16
128,40.0727383,116.3284899,2009-09-01 13:57:18
128,40.0727599,116.3284883,2009-09-01 13:57:20
128,40.0727799,116.3284849,2009-09-01 13:57:22
128,40.0727949,116.3284849,2009-09-01 13:57:24
128,40.0728133,116.3284849,2009-09-01 13:57:26
128,40.0728366,116.3284849,2009-09-01 13:57:28
128,40.0728516,116.3284866,2009-09-01 13:57:30
128,40.0728733,116.3284833,2009-09-01 13:57:32
128,40.0728949,116.3284799,2009-09-01 13:57:34
128,40.0729166,116.3284783,2009-09-01 13:57:36
128,40.07294,116.328475,2009-09-01 13:57:38
128,40.0729633,116.3284716,2009-09-01 13:57:40
128,40.0729866,116.3284683,2009-09-01 13:57:42
128,40.0730066,116.3284699,2009-09-01 13:57:44
128,40.0730266,116.3284699,2009-09-01 13:57:46
128,40.0730483,116.3284666,2009-09-01 13:57:48
128,40.0730683,116.3284683,2009-09-01 13:57:50
128,40.0730866,116.3284699,2009-09-01 13:57:52
128,40.0731049,116.3284733,2009-09-01 13:57:54
128,40.0731266,116.3284716,2009-09-01 13:57:56
128,40.0731483,116.3284699,2009-09-01 13:57:58
128,40.0731699,116.3284683,2009-09-01 13:58:00
128,40.0731883,116.3284733,2009-09-01 13:58:02
128,40.0732083,116.3284716,2009-09-01 13:58:04
128,40.0732299,116.3284716,2009-09-01 13:58:06
128,40.0732483,116.3284716,2009-09-01 13:58:08
128,40.0732683,116.3284699,2009-09-01 13:58:10
128,40.0732866,116.3284716,2009-09-01 13:58:12
128,40.0733066,116.3284699,2009-09-01 13:58:14
128,40.073325,116.3284683,2009-09-01 13:58:16
128,40.0733466,116.3284699,2009-09-01 13:58:18
128,40.0733699,116.3284699,2009-09-01 13:58:20
128,40.0733933,116.3284699,2009-09-01 13:58:22
128,40.0734149,116.3284699,2009-09-01 13:58:24
128,40.0734383,116.3284666,2009-09-01 13:58:26
128,40.07346,116.3284583,2009-09-01 13:58:28
128,40.0734816,116.3284549,2009-09-01 13:58:30
128,40.0734999,116.3284516,2009-09-01 13:58:32
128,40.0735183,116.3284466,2009-09-01 13:58:34
128,40.0735383,116.32844,2009-09-01 13:58:36
128,40.0735616,116.3284366,2009-09-01 13:58:38
128,40.0735833,116.3284349,2009-09-01 13:58:40
128,40.0736049,116.3284299,2009-09-01 13:58:42
128,40.0736266,116.3284216,2009-09-01 13:58:44
128,40.0736483,116.3284166,2009-09-01 13:58:46
128,40.0736683,116.3284133,2009-09-01 13:58:48
128,40.0736899,116.3284116,2009-09-01 13:58:50
128,40.0737133,116.3284083,2009-09-01 13:58:52
128,40.073735,116.3284033,2009-09-01 13:58:54
128,40.0737566,116.3284016,2009-09-01 13:58:56
128,40.0737783,116.3283949,2009-09-01 13:58:58
128,40.0738,116.3283883,2009-09-01 13:59:00
128,40.0738216,116.3283816,2009-09-01 13:59:02
128,40.0738433,116.3283783,2009-09-01 13:59:04
128,40.0738666,116.328375,2009-09-01 13:59:06
128,40.0738883,116.32837,2009-09-01 13:59:08
128,40.07391,116.3283633,2009-09-01 13:59:10
128,40.0739333,116.3283566,2009-09-01 13:59:12
128,40.0739566,116.3283533,2009-09-01 13:59:14
128,40.0739799,116.3283516,2009-09-01 13:59:16
128,40.074005,116.3283449,2009-09-01 13:59:18
128,40.0740266,116.3283433,2009-09-01 13:59:20
128,40.0740499,116.32834,2009-09-01 13:59:22
128,40.0740716,116.328335,2009-09-01 13:59:24
128,40.0740933,116.3283299,2009-09-01 13:59:26
128,40.074115,116.3283283,2009-09-01 13:59:28
128,40.0741383,116.3283266,2009-09-01 13:59:30
128,40.0741616,116.3283233,2009-09-01 13:59:32
128,40.0741833,116.3283216,2009-09-01 13:59:34
128,40.0742049,116.32832,2009-09-01 13:59:36
128,40.0742249,116.3283133,2009-09-01 13:59:38
128,40.0742466,116.3283066,2009-09-01 13:59:40
128,40.0742649,116.3282966,2009-09-01 13:59:42
128,40.0742699,116.3282666,2009-09-01 13:59:44
128,40.074285,116.3282583,2009-09-01 13:59:46
128,40.0743066,116.328265,2009-09-01 13:59:48
128,40.0743283,116.3282666,2009-09-01 13:59:50
128,40.07435,116.3282633,2009-09-01 13:59:52
128,40.0743716,116.3282599,2009-09-01 13:59:54
128,40.0743949,116.3282566,2009-09-01 13:59:56
128,40.0744183,116.3282549,2009-09-01 13:59:58
128,40.0744399,116.3282483,2009-09-01 14:00:00
128,40.0744616,116.3282383,2009-09-01 14:00:02
128,40.074485,116.328235,2009-09-01 14:00:04
128,40.0745066,116.3282333,2009-09-01 14:00:06
128,40.0745266,116.3282283,2009-09-01 14:00:08
128,40.0745466,116.3282199,2009-09-01 14:00:10
128,40.0745666,116.3282216,2009-09-01 14:00:12
128,40.0745783,116.3282116,2009-09-01 14:00:14
128,40.0745866,116.3281849,2009-09-01 14:00:16
128,40.0745883,116.3281616,2009-09-01 14:00:18
128,40.07459,116.3281416,2009-09-01 14:00:20
128,40.0745866,116.3281233,2009-09-01 14:00:22
128,40.0745816,116.3280916,2009-09-01 14:00:24
128,40.0745783,116.3280583,2009-09-01 14:00:26
128,40.0745766,116.3280299,2009-09-01 14:00:28
128,40.0745816,116.328005,2009-09-01 14:00:30
128,40.074595,116.3279849,2009-09-01 14:00:32
128,40.0746133,116.32797,2009-09-01 14:00:34
128,40.07463,116.3279599,2009-09-01 14:00:36
128,40.0746466,116.327955,2009-09-01 14:00:38
128,40.0746633,116.3279466,2009-09-01 14:00:40
128,40.0746833,116.3279449,2009-09-01 14:00:42
128,40.0747016,116.3279399,2009-09-01 14:00:44
128,40.0747199,116.3279433,2009-09-01 14:00:46
128,40.0747366,116.3279433,2009-09-01 14:00:48
128,40.0747533,116.3279366,2009-09-01 14:00:50
128,40.0747666,116.3279299,2009-09-01 14:00:52
128,40.0747799,116.3279266,2009-09-01 14:00:54
128,40.0747966,116.3279216,2009-09-01 14:00:56
128,40.0748116,116.3279183,2009-09-01 14:00:58
128,40.07483,116.3279133,2009-09-01 14:01:00
128,40.0748449,116.3279083,2009-09-01 14:01:02
128,40.0748616,116.3279049,2009-09-01 14:01:04
128,40.0748766,116.3279,2009-09-01 14:01:06
128,40.0748933,116.3278966,2009-09-01 14:01:08
128,40.0749083,116.3278916,2009-09-01 14:01:10
128,40.0749233,116.327885,2009-09-01 14:01:12
128,40.07494,116.3278766,2009-09-01 14:01:14
128,40.0749533,116.3278699,2009-09-01 14:01:16
128,40.07497,116.3278583,2009-09-01 14:01:18
128,40.0749849,116.3278416,2009-09-01 14:01:20
128,40.075,116.3278166,2009-09-01 14:01:22
128,40.0750083,116.3277916,2009-09-01 14:01:24
128,40.0750183,116.3277699,2009-09-01 14:01:26
128,40.075035,116.3277566,2009-09-01 14:01:28
128,40.0750499,116.3277466,2009-09-01 14:01:30
128,40.0750666,116.3277333,2009-09-01 14:01:32
128,40.0750833,116.3277216,2009-09-01 14:01:34
128,40.0750999,116.3277133,2009-09-01 14:01:36
128,40.0751166,116.3277049,2009-09-01 14:01:38
128,40.0751349,116.3276966,2009-09-01 14:01:40
128,40.0751533,116.3276849,2009-09-01 14:01:42
128,40.0751733,116.3276766,2009-09-01 14:01:44
128,40.0751916,116.3276766,2009-09-01 14:01:46
128,40.0752083,116.3276716,2009-09-01 14:01:48
128,40.0752266,116.3276683,2009-09-01 14:01:50
128,40.0752399,116.3276666,2009-09-01 14:01:52
128,40.0752566,116.3276683,2009-09-01 14:01:54
128,40.0752733,116.3276683,2009-09-01 14:01:56
128,40.0752899,116.3276649,2009-09-01 14:01:58
128,40.0753049,116.3276633,2009-09-01 14:02:00
128,40.0753199,116.3276599,2009-09-01 14:02:02
128,40.0753349,116.3276566,2009-09-01 14:02:04
128,40.0753516,116.3276516,2009-09-01 14:02:06
128,40.0753666,116.3276499,2009-09-01 14:02:08
128,40.07538,116.3276483,2009-09-01 14:02:10
128,40.0753966,116.3276449,2009-09-01 14:02:12
128,40.0754099,116.3276449,2009-09-01 14:02:14
128,40.0754249,116.3276433,2009-09-01 14:02:16
128,40.0754399,116.3276366,2009-09-01 14:02:18
128,40.0754566,116.3276316,2009-09-01 14:02:20
128,40.0754716,116.3276299,2009-09-01 14:02:22
128,40.0754866,116.3276249,2009-09-01 14:02:24
128,40.0755033,116.32762,2009-09-01 14:02:26
128,40.0755216,116.32762,2009-09-01 14:02:28
128,40.0755383,116.32762,2009-09-01 14:02:30
128,40.0755583,116.3276183,2009-09-01 14:02:32
128,40.0755783,116.3276149,2009-09-01 14:02:34
128,40.0755983,116.3276066,2009-09-01 14:02:36
128,40.0756166,116.3276016,2009-09-01 14:02:38
128,40.0756366,116.3275999,2009-09-01 14:02:40
128,40.0756566,116.3275999,2009-09-01 14:02:42
128,40.0756749,116.3275949,2009-09-01 14:02:44
128,40.0756933,116.3275899,2009-09-01 14:02:46
128,40.0757116,116.327585,2009-09-01 14:02:48
128,40.0757283,116.3275783,2009-09-01 14:02:50
128,40.0757466,116.3275749,2009-09-01 14:02:52
128,40.075765,116.3275683,2009-09-01 14:02:54
128,40.0757849,116.3275649,2009-09-01 14:02:56
128,40.0758049,116.3275599,2009-09-01 14:02:58
128,40.0758216,116.3275533,2009-09-01 14:03:00
128,40.0758399,116.3275466,2009-09-01 14:03:02
128,40.0758616,116.3275366,2009-09-01 14:03:04
128,40.0758816,116.3275249,2009-09-01 14:03:06
128,40.0759016,116.3275166,2009-09-01 14:03:08
128,40.0759216,116.327515,2009-09-01 14:03:10
128,40.0759399,116.3275083,2009-09-01 14:03:12
128,40.0759566,116.3274966,2009-09-01 14:03:14
128,40.0759749,116.3274849,2009-09-01 14:03:16
128,40.0759916,116.3274699,2009-09-01 14:03:18
128,40.0760016,116.3274466,2009-09-01 14:03:20
128,40.076005,116.3274233,2009-09-01 14:03:22
128,40.0760116,116.3273983,2009-09-01 14:03:24
128,40.0760133,116.3273666,2009-09-01 14:03:26
128,40.0760083,116.3273433,2009-09-01 14:03:28
128,40.0760083,116.3273183,2009-09-01 14:03:30
128,40.0760149,116.3272966,2009-09-01 14:03:32
128,40.0760316,116.3272766,2009-09-01 14:03:34
128,40.0760383,116.3272533,2009-09-01 14:03:36
128,40.0760499,116.3272333,2009-09-01 14:03:38
128,40.0760683,116.3272249,2009-09-01 14:03:40
128,40.0760799,116.3272316,2009-09-01 14:03:42
128,40.0761,116.3272299,2009-09-01 14:03:44
128,40.0761183,116.3272333,2009-09-01 14:03:46
128,40.0761266,116.3272266,2009-09-01 14:03:48
128,40.07614,116.3272083,2009-09-01 14:03:50
128,40.0761533,116.3271983,2009-09-01 14:03:52
128,40.0761599,116.3271966,2009-09-01 14:03:54
128,40.0761766,116.3271966,2009-09-01 14:03:56
128,40.0761916,116.3272083,2009-09-01 14:03:58
128,40.07621,116.3272133,2009-09-01 14:04:00
128,40.0762299,116.3272166,2009-09-01 14:04:02
128,40.0762499,116.3272099,2009-09-01 14:04:04
128,40.0762716,116.3271833,2009-09-01 14:04:06
128,40.0762933,116.3271666,2009-09-01 14:04:08
128,40.0763199,116.3271549,2009-09-01 14:04:10
128,40.0763216,116.3271333,2009-09-01 14:04:12
128,40.0763183,116.3271083,2009-09-01 14:04:14
128,40.0763233,116.3270866,2009-09-01 14:04:16
128,40.0763266,116.3270633,2009-09-01 14:04:18
128,40.0763283,116.3270483,2009-09-01 14:04:20
128,40.0763416,116.3270266,2009-09-01 14:04:22
128,40.0763499,116.3269999,2009-09-01 14:04:24
128,40.0763616,116.3269783,2009-09-01 14:04:26
128,40.0763766,116.3269616,2009-09-01 14:04:28
128,40.0763866,116.3269433,2009-09-01 14:04:30
128,40.0763966,116.3269233,2009-09-01 14:04:32
128,40.0764133,116.3269016,2009-09-01 14:04:34
128,40.0764133,116.32687,2009-09-01 14:04:36
128,40.076415,116.3268216,2009-09-01 14:04:38
128,40.0764416,116.3267983,2009-09-01 14:04:40
128,40.0764766,116.3267633,2009-09-01 14:04:42
128,40.0764933,116.3267466,2009-09-01 14:04:44
128,40.0765083,116.3267283,2009-09-01 14:04:46
128,40.0765183,116.3267099,2009-09-01 14:04:48
128,40.0765333,116.3266916,2009-09-01 14:04:50
128,40.0765433,116.3266649,2009-09-01 14:04:52
128,40.0765416,116.3266416,2009-09-01 14:04:54
128,40.0765299,116.3266199,2009-09-01 14:04:56
128,40.0765316,116.3265866,2009-09-01 14:04:58
128,40.0765299,116.32654,2009-09-01 14:05:00
128,40.0765233,116.3265033,2009-09-01 14:05:02
128,40.0765216,116.3264716,2009-09-01 14:05:04
128,40.0765283,116.3264383,2009-09-01 14:05:06
128,40.0765316,116.3264016,2009-09-01 14:05:08
128,40.0765299,116.3263699,2009-09-01 14:05:10
128,40.0765266,116.3263416,2009-09-01 14:05:12
128,40.0765283,116.3263149,2009-09-01 14:05:14
128,40.0765299,116.3262933,2009-09-01 14:05:16
128,40.0765283,116.3262683,2009-09-01 14:05:18
128,40.0765266,116.3262416,2009-09-01 14:05:20
128,40.0765049,116.3262266,2009-09-01 14:05:25
128,40.07652,116.3262299,2009-09-01 14:05:27
128,40.0765316,116.3262349,2009-09-01 14:05:29
128,40.0765316,116.3262416,2009-09-01 14:05:31
128,40.076515,116.3262533,2009-09-01 14:05:36
128,40.0765299,116.3262433,2009-09-01 14:05:38
128,40.0765399,116.3262233,2009-09-01 14:05:40
128,40.0765533,116.32619,2009-09-01 14:05:42
128,40.0765666,116.3261616,2009-09-01 14:05:44
128,40.0765816,116.3261449,2009-09-01 14:05:46
128,40.0765833,116.3261099,2009-09-01 14:05:48
128,40.0765949,116.3260933,2009-09-01 14:05:50
128,40.0766249,116.3260833,2009-09-01 14:05:52
128,40.0766349,116.3260799,2009-09-01 14:05:54
128,40.0766516,116.32607,2009-09-01 14:05:56
128,40.0766816,116.3260616,2009-09-01 14:05:58
128,40.0767216,116.3260199,2009-09-01 14:06:02
128,40.0767383,116.3259983,2009-09-01 14:06:04
128,40.0767416,116.3259783,2009-09-01 14:06:06
128,40.0767383,116.3259616,2009-09-01 14:06:08
128,40.0767399,116.3259566,2009-09-01 14:06:10
128,40.0767466,116.3259533,2009-09-01 14:06:12
128,40.0767533,116.3259466,2009-09-01 14:06:14
128,40.0767666,116.3259233,2009-09-01 14:06:16
128,40.0767699,116.3259149,2009-09-01 14:06:18
128,40.0767849,116.325895,2009-09-01 14:06:20
128,40.0768049,116.3258716,2009-09-01 14:06:22
128,40.0768149,116.3258549,2009-09-01 14:06:24
128,40.076825,116.3258499,2009-09-01 14:06:26
128,40.0768533,116.3257916,2009-09-01 14:06:28
128,40.0768683,116.3257216,2009-09-01 14:06:30
128,40.0769149,116.3256666,2009-09-01 14:06:32
128,40.0769166,116.3256233,2009-09-01 14:06:34
128,40.076925,116.3255833,2009-09-01 14:06:36
128,40.0769316,116.3255416,2009-09-01 14:06:38
128,40.0769333,116.3255116,2009-09-01 14:06:40
128,40.0769266,116.3255016,2009-09-01 14:06:42
128,40.076925,116.3254933,2009-09-01 14:06:44
128,40.0769233,116.3254866,2009-09-01 14:06:46
128,40.0769183,116.3254833,2009-09-01 14:06:49
