user_id,latitude,longtitude,timestamp
008,39.982308,116.328966,2008-11-08 05:29:34
008,39.982199,116.329223,2008-11-08 05:29:36
008,39.982169,116.329304,2008-11-08 05:29:37
008,39.982249,116.32919,2008-11-08 05:29:40
008,39.982278,116.329121,2008-11-08 05:29:42
008,39.982316,116.329073,2008-11-08 05:29:44
008,39.982367,116.328994,2008-11-08 05:29:48
008,39.982304,116.329091,2008-11-08 05:29:53
008,39.982321,116.329,2008-11-08 05:29:55
008,39.982263,116.329005,2008-11-08 05:29:59
008,39.982218,116.329048,2008-11-08 05:30:02
008,39.98219,116.329018,2008-11-08 05:30:07
008,39.982149,116.328805,2008-11-08 05:30:08
008,39.981881,116.328838,2008-11-08 05:30:09
008,39.981798,116.328654,2008-11-08 05:30:10
008,39.981574,116.328809,2008-11-08 05:30:11
008,39.981511,116.328891,2008-11-08 05:30:12
008,39.981479,116.328841,2008-11-08 05:30:14
008,39.981446,116.32879,2008-11-08 05:30:16
008,39.981383,116.328876,2008-11-08 05:30:18
008,39.981303,116.328987,2008-11-08 05:30:22
008,39.981214,116.329175,2008-11-08 05:30:24
008,39.981153,116.329262,2008-11-08 05:30:26
008,39.981102,116.329262,2008-11-08 05:30:30
008,39.981079,116.32921,2008-11-08 05:30:34
008,39.981072,116.329151,2008-11-08 05:30:36
008,39.981034,116.329221,2008-11-08 05:30:37
008,39.980999,116.329285,2008-11-08 05:30:38
008,39.980973,116.329338,2008-11-08 05:30:40
008,39.980956,116.329281,2008-11-08 05:30:45
008,39.980961,116.329207,2008-11-08 05:30:47
008,39.980967,116.329123,2008-11-08 05:30:49
008,39.980968,116.329051,2008-11-08 05:30:52
008,39.980982,116.328987,2008-11-08 05:30:54
008,39.980999,116.32893,2008-11-08 05:30:59
008,39.981007,116.328862,2008-11-08 05:31:03
008,39.981009,116.328801,2008-11-08 05:31:05
008,39.98102,116.328735,2008-11-08 05:31:06
008,39.981032,116.328671,2008-11-08 05:31:07
008,39.980952,116.328749,2008-11-08 05:31:10
008,39.98097,116.328622,2008-11-08 05:31:14
008,39.980975,116.328556,2008-11-08 05:31:15
008,39.981006,116.328469,2008-11-08 05:31:17
008,39.981051,116.328383,2008-11-08 05:31:19
008,39.981074,116.328317,2008-11-08 05:31:21
008,39.981064,116.328258,2008-11-08 05:31:25
008,39.981041,116.328322,2008-11-08 05:31:26
008,39.980962,116.328386,2008-11-08 05:31:28
008,39.980942,116.328462,2008-11-08 05:31:29
008,39.980942,116.328462,2008-11-08 05:31:32
008,39.980945,116.328465,2008-11-08 05:31:34
008,39.980979,116.328392,2008-11-08 05:31:37
008,39.981001,116.328314,2008-11-08 05:31:41
008,39.980931,116.328358,2008-11-08 05:31:44
008,39.980903,116.328406,2008-11-08 05:31:46
008,39.980906,116.32842,2008-11-08 05:31:51
008,39.980875,116.328496,2008-11-08 05:31:55
008,39.980845,116.328568,2008-11-08 05:31:57
008,39.980823,116.328623,2008-11-08 05:31:58
008,39.980896,116.328444,2008-11-08 05:32:03
008,39.980949,116.328308,2008-11-08 05:32:04
008,39.980976,116.328228,2008-11-08 05:32:05
008,39.981019,116.328144,2008-11-08 05:32:06
008,39.981879,116.328893,2008-11-08 05:32:09
008,39.981878,116.328948,2008-11-08 05:32:14
008,39.981875,116.329011,2008-11-08 05:32:16
008,39.98187,116.329081,2008-11-08 05:32:18
008,39.981886,116.329153,2008-11-08 05:32:20
008,39.981899,116.329213,2008-11-08 05:32:22
008,39.981933,116.329235,2008-11-08 05:32:27
008,39.981962,116.329222,2008-11-08 05:32:32
008,39.981967,116.329254,2008-11-08 05:32:37
008,39.981992,116.329234,2008-11-08 05:32:42
008,39.981997,116.329163,2008-11-08 05:32:45
008,39.981959,116.329069,2008-11-08 05:32:47
008,39.981924,116.328954,2008-11-08 05:32:49
008,39.981908,116.328898,2008-11-08 05:32:50
008,39.981888,116.328836,2008-11-08 05:32:51
008,39.981861,116.328746,2008-11-08 05:32:53
008,39.981857,116.328668,2008-11-08 05:32:56
008,39.981875,116.328618,2008-11-08 05:33:01
008,39.9819,116.3286,2008-11-08 05:33:06
008,39.981931,116.328572,2008-11-08 05:33:11
008,39.981954,116.328506,2008-11-08 05:33:14
008,39.981976,116.328429,2008-11-08 05:33:16
008,39.981997,116.328311,2008-11-08 05:33:18
008,39.981995,116.328252,2008-11-08 05:33:19
008,39.98195,116.328194,2008-11-08 05:33:20
008,39.981938,116.328094,2008-11-08 05:33:22
008,39.98197,116.32804,2008-11-08 05:33:25
008,39.982022,116.328008,2008-11-08 05:33:27
008,39.982105,116.32798,2008-11-08 05:33:29
008,39.98216,116.327962,2008-11-08 05:33:30
008,39.982222,116.327946,2008-11-08 05:33:31
008,39.982293,116.327934,2008-11-08 05:33:32
008,39.982368,116.327938,2008-11-08 05:33:33
008,39.982448,116.327941,2008-11-08 05:33:34
008,39.982536,116.327936,2008-11-08 05:33:35
008,39.982641,116.327932,2008-11-08 05:33:36
008,39.982753,116.327933,2008-11-08 05:33:37
008,39.982864,116.327939,2008-11-08 05:33:38
008,39.982986,116.328087,2008-11-08 05:33:39
008,39.983094,116.32808,2008-11-08 05:33:40
008,39.983198,116.328078,2008-11-08 05:33:41
008,39.983297,116.328071,2008-11-08 05:33:42
008,39.983375,116.328065,2008-11-08 05:33:43
008,39.983456,116.32817,2008-11-08 05:33:44
008,39.983525,116.328252,2008-11-08 05:33:45
008,39.983581,116.328504,2008-11-08 05:33:46
008,39.983626,116.3285,2008-11-08 05:33:47
008,39.983664,116.328565,2008-11-08 05:33:48
008,39.983703,116.328604,2008-11-08 05:33:49
008,39.983734,116.328649,2008-11-08 05:33:50
008,39.983774,116.328687,2008-11-08 05:33:52
008,39.983817,116.328727,2008-11-08 05:33:56
008,39.983855,116.328721,2008-11-08 05:34:01
008,39.983815,116.328691,2008-11-08 05:34:05
008,39.983777,116.32866,2008-11-08 05:34:07
008,39.983734,116.328604,2008-11-08 05:34:09
008,39.98361,116.328529,2008-11-08 05:34:10
008,39.983625,116.328486,2008-11-08 05:34:11
008,39.983692,116.328465,2008-11-08 05:34:12
008,39.98376,116.328448,2008-11-08 05:34:13
008,39.983819,116.328432,2008-11-08 05:34:14
008,39.983868,116.328418,2008-11-08 05:34:15
008,39.983928,116.328411,2008-11-08 05:34:17
008,39.983958,116.328406,2008-11-08 05:34:19
008,39.983977,116.328398,2008-11-08 05:34:24
008,39.983996,116.328395,2008-11-08 05:34:29
008,39.984015,116.328377,2008-11-08 05:34:34
008,39.984021,116.328324,2008-11-08 05:34:38
008,39.984056,116.328307,2008-11-08 05:34:39
008,39.984096,116.328289,2008-11-08 05:34:40
008,39.98416,116.328282,2008-11-08 05:34:41
008,39.984223,116.328277,2008-11-08 05:34:42
008,39.984297,116.328266,2008-11-08 05:34:43
008,39.984366,116.328253,2008-11-08 05:34:44
008,39.984433,116.328236,2008-11-08 05:34:45
008,39.984492,116.328226,2008-11-08 05:34:46
008,39.984546,116.328231,2008-11-08 05:34:47
008,39.984607,116.328224,2008-11-08 05:34:48
008,39.98464,116.328268,2008-11-08 05:34:49
008,39.984672,116.32832,2008-11-08 05:34:50
008,39.984702,116.328389,2008-11-08 05:34:51
008,39.984727,116.328469,2008-11-08 05:34:52
008,39.984748,116.328567,2008-11-08 05:34:53
008,39.984763,116.328682,2008-11-08 05:34:54
008,39.98478,116.328798,2008-11-08 05:34:55
008,39.984796,116.328926,2008-11-08 05:34:56
008,39.984816,116.32906,2008-11-08 05:34:57
008,39.984828,116.329204,2008-11-08 05:34:58
008,39.984839,116.329358,2008-11-08 05:34:59
008,39.984849,116.329516,2008-11-08 05:35:00
008,39.98486,116.329678,2008-11-08 05:35:01
008,39.98487,116.329847,2008-11-08 05:35:02
008,39.984876,116.330027,2008-11-08 05:35:03
008,39.98488,116.330213,2008-11-08 05:35:04
008,39.984886,116.330405,2008-11-08 05:35:05
008,39.984892,116.330603,2008-11-08 05:35:06
008,39.984901,116.330804,2008-11-08 05:35:07
008,39.984906,116.331016,2008-11-08 05:35:08
008,39.984909,116.331239,2008-11-08 05:35:09
008,39.984913,116.33147,2008-11-08 05:35:10
008,39.984913,116.33171,2008-11-08 05:35:11
008,39.98492,116.331959,2008-11-08 05:35:12
008,39.984926,116.332209,2008-11-08 05:35:13
008,39.984935,116.332463,2008-11-08 05:35:14
008,39.984952,116.332723,2008-11-08 05:35:15
008,39.984966,116.332984,2008-11-08 05:35:16
008,39.98498,116.333252,2008-11-08 05:35:17
008,39.984987,116.333525,2008-11-08 05:35:18
008,39.984995,116.333796,2008-11-08 05:35:19
008,39.984995,116.33407,2008-11-08 05:35:20
008,39.984992,116.334339,2008-11-08 05:35:21
008,39.984982,116.334595,2008-11-08 05:35:22
008,39.984975,116.334856,2008-11-08 05:35:23
008,39.984967,116.335116,2008-11-08 05:35:24
008,39.984956,116.335371,2008-11-08 05:35:25
008,39.984948,116.335613,2008-11-08 05:35:26
008,39.984946,116.33584,2008-11-08 05:35:27
008,39.984951,116.336057,2008-11-08 05:35:28
008,39.984955,116.336255,2008-11-08 05:35:29
008,39.984931,116.336444,2008-11-08 05:35:30
008,39.984907,116.336638,2008-11-08 05:35:31
008,39.984898,116.336844,2008-11-08 05:35:32
008,39.984906,116.337053,2008-11-08 05:35:33
008,39.984909,116.337265,2008-11-08 05:35:34
008,39.98491,116.33747,2008-11-08 05:35:35
008,39.98492,116.337665,2008-11-08 05:35:36
008,39.984917,116.337853,2008-11-08 05:35:37
008,39.984922,116.338039,2008-11-08 05:35:38
008,39.984932,116.338212,2008-11-08 05:35:39
008,39.984941,116.338388,2008-11-08 05:35:40
008,39.984964,116.338559,2008-11-08 05:35:41
008,39.984983,116.338722,2008-11-08 05:35:42
008,39.985016,116.338865,2008-11-08 05:35:43
008,39.985045,116.338996,2008-11-08 05:35:44
008,39.985073,116.339115,2008-11-08 05:35:45
008,39.985125,116.339223,2008-11-08 05:35:46
008,39.985126,116.339352,2008-11-08 05:35:47
008,39.98513,116.339469,2008-11-08 05:35:48
008,39.985141,116.339598,2008-11-08 05:35:49
008,39.98515,116.339734,2008-11-08 05:35:50
008,39.98516,116.339871,2008-11-08 05:35:51
008,39.985158,116.34002,2008-11-08 05:35:52
008,39.985163,116.340159,2008-11-08 05:35:53
008,39.985175,116.340301,2008-11-08 05:35:54
008,39.985173,116.340446,2008-11-08 05:35:55
008,39.98508,116.3404,2008-11-08 05:35:56
008,39.984986,116.340427,2008-11-08 05:35:57
008,39.984987,116.34056,2008-11-08 05:35:58
008,39.985002,116.340701,2008-11-08 05:35:59
008,39.985034,116.340817,2008-11-08 05:36:00
008,39.985079,116.340932,2008-11-08 05:36:01
008,39.985115,116.341065,2008-11-08 05:36:02
008,39.985123,116.341195,2008-11-08 05:36:03
008,39.985116,116.341314,2008-11-08 05:36:04
008,39.98516,116.341439,2008-11-08 05:36:05
008,39.985166,116.341583,2008-11-08 05:36:06
008,39.985167,116.341738,2008-11-08 05:36:07
008,39.985163,116.341896,2008-11-08 05:36:08
008,39.985161,116.34205,2008-11-08 05:36:09
008,39.985169,116.342214,2008-11-08 05:36:10
008,39.985173,116.342387,2008-11-08 05:36:11
008,39.985175,116.342565,2008-11-08 05:36:12
008,39.985177,116.342748,2008-11-08 05:36:13
008,39.985178,116.342927,2008-11-08 05:36:14
008,39.985179,116.343109,2008-11-08 05:36:15
008,39.985177,116.343291,2008-11-08 05:36:16
008,39.985176,116.343463,2008-11-08 05:36:17
008,39.985172,116.343621,2008-11-08 05:36:18
008,39.98517,116.343785,2008-11-08 05:36:19
008,39.985176,116.343943,2008-11-08 05:36:20
008,39.985182,116.344099,2008-11-08 05:36:21
008,39.985181,116.344245,2008-11-08 05:36:22
008,39.985179,116.34439,2008-11-08 05:36:23
008,39.985177,116.344533,2008-11-08 05:36:24
008,39.985181,116.344685,2008-11-08 05:36:25
008,39.985188,116.344838,2008-11-08 05:36:26
008,39.985189,116.344991,2008-11-08 05:36:27
008,39.985193,116.345148,2008-11-08 05:36:28
008,39.985221,116.345296,2008-11-08 05:36:29
008,39.985236,116.345442,2008-11-08 05:36:30
008,39.985244,116.345592,2008-11-08 05:36:31
008,39.985257,116.345738,2008-11-08 05:36:32
008,39.985262,116.345886,2008-11-08 05:36:33
008,39.985267,116.346033,2008-11-08 05:36:34
008,39.985271,116.346176,2008-11-08 05:36:35
008,39.985273,116.346317,2008-11-08 05:36:36
008,39.985278,116.346452,2008-11-08 05:36:37
008,39.985277,116.34658,2008-11-08 05:36:38
008,39.985274,116.346701,2008-11-08 05:36:39
008,39.985276,116.346812,2008-11-08 05:36:40
008,39.985274,116.34691,2008-11-08 05:36:41
008,39.985278,116.346981,2008-11-08 05:36:42
008,39.985255,116.347038,2008-11-08 05:36:43
008,39.985242,116.347101,2008-11-08 05:36:44
008,39.985211,116.347147,2008-11-08 05:36:45
008,39.98514,116.347222,2008-11-08 05:36:47
008,39.985081,116.347236,2008-11-08 05:36:48
008,39.98501,116.347241,2008-11-08 05:36:49
008,39.984931,116.347245,2008-11-08 05:36:50
008,39.984846,116.347252,2008-11-08 05:36:51
008,39.984742,116.347259,2008-11-08 05:36:52
008,39.984637,116.347272,2008-11-08 05:36:53
008,39.984536,116.347288,2008-11-08 05:36:54
008,39.984431,116.347306,2008-11-08 05:36:55
008,39.984324,116.347325,2008-11-08 05:36:56
008,39.98421,116.347345,2008-11-08 05:36:57
008,39.984085,116.347365,2008-11-08 05:36:58
008,39.983954,116.34738,2008-11-08 05:36:59
008,39.983817,116.347393,2008-11-08 05:37:00
008,39.98367,116.347404,2008-11-08 05:37:01
008,39.983512,116.347414,2008-11-08 05:37:02
008,39.983342,116.347425,2008-11-08 05:37:03
008,39.983167,116.347437,2008-11-08 05:37:04
008,39.982986,116.347448,2008-11-08 05:37:05
008,39.982788,116.347455,2008-11-08 05:37:06
008,39.982612,116.34746,2008-11-08 05:37:07
008,39.982446,116.347467,2008-11-08 05:37:08
008,39.98229,116.347472,2008-11-08 05:37:09
008,39.982141,116.347475,2008-11-08 05:37:10
008,39.981999,116.347481,2008-11-08 05:37:11
008,39.981863,116.347484,2008-11-08 05:37:12
008,39.981732,116.347485,2008-11-08 05:37:13
008,39.981606,116.347488,2008-11-08 05:37:14
008,39.981484,116.347489,2008-11-08 05:37:15
008,39.981363,116.347493,2008-11-08 05:37:16
008,39.981242,116.347496,2008-11-08 05:37:17
008,39.981125,116.347503,2008-11-08 05:37:18
008,39.981015,116.347508,2008-11-08 05:37:19
008,39.98091,116.347516,2008-11-08 05:37:20
008,39.980805,116.347524,2008-11-08 05:37:21
008,39.980701,116.347532,2008-11-08 05:37:22
008,39.980592,116.347541,2008-11-08 05:37:23
008,39.980482,116.347554,2008-11-08 05:37:24
008,39.980373,116.347565,2008-11-08 05:37:25
008,39.98026,116.347574,2008-11-08 05:37:26
008,39.980148,116.347586,2008-11-08 05:37:27
008,39.980032,116.347593,2008-11-08 05:37:28
008,39.979916,116.347599,2008-11-08 05:37:29
008,39.979803,116.347606,2008-11-08 05:37:30
008,39.979687,116.347611,2008-11-08 05:37:31
008,39.979569,116.347614,2008-11-08 05:37:32
008,39.979448,116.347612,2008-11-08 05:37:33
008,39.979331,116.347611,2008-11-08 05:37:34
008,39.979214,116.347613,2008-11-08 05:37:35
008,39.979099,116.347618,2008-11-08 05:37:36
008,39.978992,116.34762,2008-11-08 05:37:37
008,39.978886,116.347616,2008-11-08 05:37:38
008,39.978783,116.347614,2008-11-08 05:37:39
008,39.978688,116.347611,2008-11-08 05:37:40
008,39.9786,116.347608,2008-11-08 05:37:41
008,39.978516,116.347606,2008-11-08 05:37:42
008,39.97843,116.347607,2008-11-08 05:37:43
008,39.978344,116.347605,2008-11-08 05:37:44
008,39.97826,116.347598,2008-11-08 05:37:45
008,39.97817,116.3476,2008-11-08 05:37:46
008,39.978073,116.347603,2008-11-08 05:37:47
008,39.977969,116.347605,2008-11-08 05:37:48
008,39.977859,116.347612,2008-11-08 05:37:49
008,39.977738,116.347622,2008-11-08 05:37:50
008,39.977619,116.34763,2008-11-08 05:37:51
008,39.977497,116.347638,2008-11-08 05:37:52
008,39.977367,116.347636,2008-11-08 05:37:53
008,39.977242,116.347646,2008-11-08 05:37:54
008,39.977117,116.347655,2008-11-08 05:37:55
008,39.97699,116.347664,2008-11-08 05:37:56
008,39.976861,116.34767,2008-11-08 05:37:57
008,39.976731,116.347674,2008-11-08 05:37:58
008,39.976594,116.347685,2008-11-08 05:37:59
008,39.976457,116.347691,2008-11-08 05:38:00
008,39.976315,116.347697,2008-11-08 05:38:01
008,39.976165,116.347694,2008-11-08 05:38:02
008,39.976006,116.347669,2008-11-08 05:38:03
008,39.975847,116.347633,2008-11-08 05:38:04
008,39.975683,116.347586,2008-11-08 05:38:05
008,39.975527,116.347533,2008-11-08 05:38:06
008,39.975386,116.34748,2008-11-08 05:38:07
008,39.975254,116.347417,2008-11-08 05:38:08
008,39.975111,116.347346,2008-11-08 05:38:09
008,39.974976,116.347277,2008-11-08 05:38:10
008,39.974844,116.347203,2008-11-08 05:38:11
008,39.974715,116.347131,2008-11-08 05:38:12
008,39.974584,116.347063,2008-11-08 05:38:13
008,39.974455,116.347001,2008-11-08 05:38:14
008,39.974325,116.346945,2008-11-08 05:38:15
008,39.974205,116.346893,2008-11-08 05:38:16
008,39.97408,116.346845,2008-11-08 05:38:17
008,39.973955,116.346804,2008-11-08 05:38:18
008,39.973831,116.346769,2008-11-08 05:38:19
008,39.973704,116.346741,2008-11-08 05:38:20
008,39.973575,116.346731,2008-11-08 05:38:21
008,39.973449,116.346729,2008-11-08 05:38:22
008,39.973325,116.346731,2008-11-08 05:38:23
008,39.973197,116.346739,2008-11-08 05:38:24
008,39.973077,116.346744,2008-11-08 05:38:25
008,39.972959,116.34675,2008-11-08 05:38:26
008,39.972842,116.346758,2008-11-08 05:38:27
008,39.972724,116.346768,2008-11-08 05:38:28
008,39.972606,116.346777,2008-11-08 05:38:29
008,39.972487,116.346787,2008-11-08 05:38:30
008,39.972371,116.346795,2008-11-08 05:38:31
008,39.972255,116.346806,2008-11-08 05:38:32
008,39.97214,116.34681,2008-11-08 05:38:33
008,39.972024,116.346812,2008-11-08 05:38:34
008,39.971907,116.346818,2008-11-08 05:38:35
008,39.971789,116.346824,2008-11-08 05:38:36
008,39.971671,116.34683,2008-11-08 05:38:37
008,39.971552,116.346836,2008-11-08 05:38:38
008,39.971431,116.346844,2008-11-08 05:38:39
008,39.971309,116.346852,2008-11-08 05:38:40
008,39.971189,116.346857,2008-11-08 05:38:41
008,39.97107,116.346859,2008-11-08 05:38:42
008,39.97095,116.34686,2008-11-08 05:38:43
008,39.970826,116.346858,2008-11-08 05:38:44
008,39.970701,116.346854,2008-11-08 05:38:45
008,39.970575,116.346853,2008-11-08 05:38:46
008,39.970445,116.346855,2008-11-08 05:38:47
008,39.970311,116.346857,2008-11-08 05:38:48
008,39.970171,116.346862,2008-11-08 05:38:49
008,39.970028,116.346868,2008-11-08 05:38:50
008,39.969883,116.346874,2008-11-08 05:38:51
008,39.969734,116.346878,2008-11-08 05:38:52
008,39.969584,116.34688,2008-11-08 05:38:53
008,39.969434,116.346878,2008-11-08 05:38:54
008,39.96929,116.346874,2008-11-08 05:38:55
008,39.969147,116.34688,2008-11-08 05:38:56
008,39.969003,116.3469,2008-11-08 05:38:57
008,39.968868,116.346906,2008-11-08 05:38:58
008,39.968731,116.346908,2008-11-08 05:38:59
008,39.968596,116.34691,2008-11-08 05:39:00
008,39.968462,116.346921,2008-11-08 05:39:01
008,39.968335,116.34694,2008-11-08 05:39:02
008,39.96821,116.346965,2008-11-08 05:39:03
008,39.968084,116.347001,2008-11-08 05:39:04
008,39.967956,116.347042,2008-11-08 05:39:05
008,39.967836,116.347065,2008-11-08 05:39:06
008,39.967727,116.347085,2008-11-08 05:39:07
008,39.967625,116.347103,2008-11-08 05:39:08
008,39.967532,116.347118,2008-11-08 05:39:09
008,39.967446,116.347135,2008-11-08 05:39:10
008,39.967374,116.347147,2008-11-08 05:39:11
008,39.967311,116.347161,2008-11-08 05:39:12
008,39.967263,116.347172,2008-11-08 05:39:13
008,39.96719,116.347162,2008-11-08 05:39:15
008,39.967135,116.347152,2008-11-08 05:39:16
008,39.967067,116.347152,2008-11-08 05:39:17
008,39.96699,116.347157,2008-11-08 05:39:18
008,39.966901,116.347168,2008-11-08 05:39:19
008,39.966805,116.347179,2008-11-08 05:39:20
008,39.966703,116.347184,2008-11-08 05:39:21
008,39.966602,116.347182,2008-11-08 05:39:22
008,39.966506,116.347167,2008-11-08 05:39:23
008,39.966411,116.347146,2008-11-08 05:39:24
008,39.966314,116.347127,2008-11-08 05:39:25
008,39.9662,116.347141,2008-11-08 05:39:26
008,39.966078,116.347157,2008-11-08 05:39:27
008,39.965947,116.347168,2008-11-08 05:39:28
008,39.965808,116.347177,2008-11-08 05:39:29
008,39.965668,116.347175,2008-11-08 05:39:30
008,39.965535,116.347164,2008-11-08 05:39:31
008,39.965414,116.347135,2008-11-08 05:39:32
008,39.965308,116.347089,2008-11-08 05:39:33
008,39.965221,116.347047,2008-11-08 05:39:34
008,39.965141,116.346999,2008-11-08 05:39:35
008,39.965117,116.346923,2008-11-08 05:39:36
008,39.965083,116.346849,2008-11-08 05:39:37
008,39.965053,116.346799,2008-11-08 05:39:38
008,39.965023,116.346744,2008-11-08 05:39:39
008,39.964997,116.346694,2008-11-08 05:39:40
008,39.96497,116.346637,2008-11-08 05:39:42
008,39.964978,116.34658,2008-11-08 05:39:44
008,39.964992,116.34657,2008-11-08 05:39:49
008,39.965063,116.346575,2008-11-08 05:39:51
008,39.965235,116.346604,2008-11-08 05:39:52
008,39.965294,116.34665,2008-11-08 05:39:54
008,39.96535,116.346743,2008-11-08 05:39:56
008,39.96537,116.346809,2008-11-08 05:39:57
008,39.966254,116.347287,2008-11-08 05:40:00
008,39.966321,116.34748,2008-11-08 05:40:01
008,39.966363,116.347668,2008-11-08 05:40:02
008,39.966375,116.347875,2008-11-08 05:40:03
008,39.966381,116.348082,2008-11-08 05:40:04
008,39.966387,116.348299,2008-11-08 05:40:05
008,39.966394,116.348535,2008-11-08 05:40:06
008,39.966397,116.348784,2008-11-08 05:40:07
008,39.966402,116.349024,2008-11-08 05:40:08
008,39.966405,116.34925,2008-11-08 05:40:09
008,39.966398,116.349489,2008-11-08 05:40:10
008,39.966391,116.349742,2008-11-08 05:40:11
008,39.966379,116.349992,2008-11-08 05:40:12
008,39.966371,116.350229,2008-11-08 05:40:13
008,39.966363,116.350455,2008-11-08 05:40:14
008,39.966353,116.350666,2008-11-08 05:40:15
008,39.96634,116.350859,2008-11-08 05:40:16
008,39.966319,116.35104,2008-11-08 05:40:17
008,39.966294,116.351203,2008-11-08 05:40:18
008,39.966274,116.351369,2008-11-08 05:40:19
008,39.966258,116.351535,2008-11-08 05:40:20
008,39.966242,116.351725,2008-11-08 05:40:21
008,39.966238,116.351915,2008-11-08 05:40:22
008,39.966238,116.352109,2008-11-08 05:40:23
008,39.966237,116.35231,2008-11-08 05:40:24
008,39.966233,116.352511,2008-11-08 05:40:25
008,39.966228,116.352708,2008-11-08 05:40:26
008,39.966222,116.352913,2008-11-08 05:40:27
008,39.966212,116.353126,2008-11-08 05:40:28
008,39.966206,116.353331,2008-11-08 05:40:29
008,39.966197,116.353535,2008-11-08 05:40:30
008,39.966179,116.353733,2008-11-08 05:40:31
008,39.966157,116.353924,2008-11-08 05:40:32
008,39.966148,116.354118,2008-11-08 05:40:33
008,39.966141,116.35431,2008-11-08 05:40:34
008,39.966129,116.3545,2008-11-08 05:40:35
008,39.966106,116.354674,2008-11-08 05:40:36
008,39.966047,116.354821,2008-11-08 05:40:37
008,39.96598,116.354939,2008-11-08 05:40:38
008,39.965922,116.355026,2008-11-08 05:40:39
008,39.965832,116.355077,2008-11-08 05:40:43
008,39.965754,116.355109,2008-11-08 05:40:44
008,39.965652,116.355093,2008-11-08 05:40:45
008,39.96553,116.355071,2008-11-08 05:40:46
008,39.965408,116.355039,2008-11-08 05:40:47
008,39.965282,116.355066,2008-11-08 05:40:48
008,39.965149,116.35508,2008-11-08 05:40:49
008,39.965011,116.35508,2008-11-08 05:40:50
008,39.964871,116.355076,2008-11-08 05:40:51
008,39.964726,116.355072,2008-11-08 05:40:52
008,39.964579,116.355051,2008-11-08 05:40:53
008,39.964445,116.355043,2008-11-08 05:40:54
008,39.964312,116.355033,2008-11-08 05:40:55
008,39.964183,116.354998,2008-11-08 05:40:56
008,39.964067,116.354993,2008-11-08 05:40:57
008,39.963958,116.354984,2008-11-08 05:40:58
008,39.963881,116.354948,2008-11-08 05:40:59
008,39.963827,116.354914,2008-11-08 05:41:00
008,39.963761,116.35489,2008-11-08 05:41:01
008,39.9637,116.35487,2008-11-08 05:41:02
008,39.963642,116.354835,2008-11-08 05:41:03
008,39.96358,116.354805,2008-11-08 05:41:04
008,39.963515,116.35479,2008-11-08 05:41:05
008,39.963442,116.354782,2008-11-08 05:41:06
008,39.963361,116.354787,2008-11-08 05:41:07
008,39.963274,116.354792,2008-11-08 05:41:08
008,39.963185,116.354799,2008-11-08 05:41:09
008,39.963084,116.354796,2008-11-08 05:41:10
008,39.962976,116.354802,2008-11-08 05:41:11
008,39.962861,116.354814,2008-11-08 05:41:12
008,39.962739,116.354827,2008-11-08 05:41:13
008,39.962615,116.354837,2008-11-08 05:41:14
008,39.962481,116.354847,2008-11-08 05:41:15
008,39.962342,116.354855,2008-11-08 05:41:16
008,39.962192,116.354866,2008-11-08 05:41:17
008,39.962041,116.354872,2008-11-08 05:41:18
008,39.961881,116.354882,2008-11-08 05:41:19
008,39.96172,116.35489,2008-11-08 05:41:20
008,39.961548,116.354906,2008-11-08 05:41:21
008,39.961374,116.354917,2008-11-08 05:41:22
008,39.961181,116.354929,2008-11-08 05:41:23
008,39.960986,116.354941,2008-11-08 05:41:24
008,39.960781,116.354952,2008-11-08 05:41:25
008,39.960567,116.354957,2008-11-08 05:41:26
008,39.960363,116.354962,2008-11-08 05:41:27
008,39.96017,116.354961,2008-11-08 05:41:28
008,39.959965,116.354968,2008-11-08 05:41:29
008,39.959769,116.354971,2008-11-08 05:41:30
008,39.959581,116.354976,2008-11-08 05:41:31
008,39.959402,116.354976,2008-11-08 05:41:32
008,39.959231,116.354974,2008-11-08 05:41:33
008,39.959058,116.354975,2008-11-08 05:41:34
008,39.958894,116.354982,2008-11-08 05:41:35
008,39.958743,116.354989,2008-11-08 05:41:36
008,39.958593,116.355002,2008-11-08 05:41:37
008,39.958432,116.355018,2008-11-08 05:41:38
008,39.958277,116.355035,2008-11-08 05:41:39
008,39.958126,116.355055,2008-11-08 05:41:40
008,39.957978,116.355075,2008-11-08 05:41:41
008,39.957831,116.355092,2008-11-08 05:41:42
008,39.957688,116.355107,2008-11-08 05:41:43
008,39.957543,116.355122,2008-11-08 05:41:44
008,39.957399,116.355138,2008-11-08 05:41:45
008,39.957256,116.355147,2008-11-08 05:41:46
008,39.957121,116.35515,2008-11-08 05:41:47
008,39.956993,116.355149,2008-11-08 05:41:48
008,39.956875,116.355147,2008-11-08 05:41:49
008,39.956771,116.355149,2008-11-08 05:41:50
008,39.956675,116.355149,2008-11-08 05:41:51
008,39.956589,116.355148,2008-11-08 05:41:52
008,39.956527,116.355149,2008-11-08 05:41:53
008,39.95648,116.355155,2008-11-08 05:41:54
008,39.956429,116.355174,2008-11-08 05:41:56
008,39.956443,116.355205,2008-11-08 05:41:59
008,39.956488,116.355227,2008-11-08 05:42:02
008,39.9565,116.355242,2008-11-08 05:42:07
008,39.956509,116.35524,2008-11-08 05:42:12
008,39.956521,116.355245,2008-11-08 05:42:17
008,39.956483,116.355291,2008-11-08 05:42:22
008,39.956459,116.355367,2008-11-08 05:42:24
008,39.956451,116.355426,2008-11-08 05:42:25
008,39.956443,116.355486,2008-11-08 05:42:26
008,39.956431,116.355552,2008-11-08 05:42:27
008,39.956429,116.355631,2008-11-08 05:42:28
008,39.956434,116.35572,2008-11-08 05:42:29
008,39.956437,116.35582,2008-11-08 05:42:30
008,39.956442,116.355934,2008-11-08 05:42:31
008,39.956455,116.356051,2008-11-08 05:42:32
008,39.956467,116.35617,2008-11-08 05:42:33
008,39.956476,116.356288,2008-11-08 05:42:34
008,39.956481,116.356407,2008-11-08 05:42:35
008,39.95648,116.356536,2008-11-08 05:42:36
008,39.95648,116.356674,2008-11-08 05:42:37
008,39.956476,116.356819,2008-11-08 05:42:38
008,39.956471,116.356975,2008-11-08 05:42:39
008,39.956463,116.357127,2008-11-08 05:42:40
008,39.956454,116.357283,2008-11-08 05:42:41
008,39.956445,116.357447,2008-11-08 05:42:42
008,39.956431,116.357619,2008-11-08 05:42:43
008,39.956419,116.357801,2008-11-08 05:42:44
008,39.956409,116.357981,2008-11-08 05:42:45
008,39.956402,116.358165,2008-11-08 05:42:46
008,39.956392,116.358341,2008-11-08 05:42:47
008,39.956381,116.358508,2008-11-08 05:42:48
008,39.956367,116.358665,2008-11-08 05:42:49
008,39.956352,116.358815,2008-11-08 05:42:50
008,39.95635,116.358945,2008-11-08 05:42:51
008,39.956347,116.359059,2008-11-08 05:42:52
008,39.956326,116.359164,2008-11-08 05:42:54
008,39.956313,116.359222,2008-11-08 05:42:55
008,39.95627,116.359324,2008-11-08 05:42:57
008,39.956223,116.359386,2008-11-08 05:42:59
008,39.956145,116.359377,2008-11-08 05:43:01
008,39.956092,116.359375,2008-11-08 05:43:03
008,39.956007,116.359393,2008-11-08 05:43:05
008,39.955954,116.3594,2008-11-08 05:43:06
008,39.955902,116.359403,2008-11-08 05:43:07
008,39.955846,116.359394,2008-11-08 05:43:08
008,39.955794,116.359393,2008-11-08 05:43:09
008,39.955745,116.3594,2008-11-08 05:43:10
008,39.955666,116.359407,2008-11-08 05:43:12
008,39.955608,116.359446,2008-11-08 05:43:14
008,39.955577,116.359505,2008-11-08 05:43:16
008,39.955512,116.359493,2008-11-08 05:43:18
008,39.955418,116.359376,2008-11-08 05:43:20
008,39.955364,116.359309,2008-11-08 05:43:21
008,39.955322,116.35925,2008-11-08 05:43:22
008,39.955289,116.35919,2008-11-08 05:43:23
008,39.95526,116.359127,2008-11-08 05:43:24
008,39.955239,116.359064,2008-11-08 05:43:25
008,39.955219,116.358999,2008-11-08 05:43:26
008,39.955204,116.358923,2008-11-08 05:43:27
008,39.95519,116.358843,2008-11-08 05:43:28
008,39.955177,116.358744,2008-11-08 05:43:29
008,39.955166,116.358649,2008-11-08 05:43:30
008,39.955147,116.358561,2008-11-08 05:43:31
008,39.955123,116.358483,2008-11-08 05:43:32
008,39.955099,116.358419,2008-11-08 05:43:33
008,39.955071,116.358362,2008-11-08 05:43:34
008,39.955036,116.358297,2008-11-08 05:43:35
008,39.955002,116.358225,2008-11-08 05:43:36
008,39.954962,116.358151,2008-11-08 05:43:37
008,39.954927,116.358081,2008-11-08 05:43:38
008,39.954892,116.358023,2008-11-08 05:43:39
008,39.954858,116.357966,2008-11-08 05:43:40
008,39.954826,116.35792,2008-11-08 05:43:41
008,39.954787,116.357876,2008-11-08 05:43:42
008,39.954748,116.35783,2008-11-08 05:43:43
008,39.95471,116.357778,2008-11-08 05:43:44
008,39.954681,116.357729,2008-11-08 05:43:45
008,39.954627,116.35765,2008-11-08 05:43:47
008,39.954583,116.357606,2008-11-08 05:43:49
008,39.954536,116.357579,2008-11-08 05:43:51
008,39.954482,116.357528,2008-11-08 05:43:53
008,39.954426,116.35744,2008-11-08 05:43:55
008,39.954393,116.357382,2008-11-08 05:43:56
008,39.954372,116.357322,2008-11-08 05:43:57
008,39.954334,116.357282,2008-11-08 05:43:59
008,39.954317,116.357246,2008-11-08 05:44:04
008,39.9543,116.357335,2008-11-08 05:44:08
008,39.954279,116.357377,2008-11-08 05:44:09
008,39.954293,116.357419,2008-11-08 05:44:11
008,39.954293,116.357452,2008-11-08 05:44:14
008,39.95429,116.357465,2008-11-08 05:44:19
008,39.954291,116.357522,2008-11-08 05:44:23
008,39.954305,116.357549,2008-11-08 05:44:28
008,39.954321,116.357534,2008-11-08 05:44:33
008,39.954327,116.357508,2008-11-08 05:44:38
008,39.954319,116.357491,2008-11-08 05:44:43
008,39.954227,116.356831,2008-11-08 05:50:35
008,39.954244,116.35688,2008-11-08 05:50:36
008,39.954207,116.356948,2008-11-08 05:50:37
008,39.954193,116.357015,2008-11-08 05:50:38
008,39.954182,116.357059,2008-11-08 05:50:39
008,39.954162,116.357128,2008-11-08 05:50:41
008,39.954127,116.357181,2008-11-08 05:50:43
008,39.954086,116.357214,2008-11-08 05:50:47
008,39.95404,116.357253,2008-11-08 05:50:51
008,39.953995,116.357306,2008-11-08 05:50:54
008,39.953946,116.357354,2008-11-08 05:50:57
008,39.953913,116.3574,2008-11-08 05:51:02
008,39.953884,116.357453,2008-11-08 05:51:05
008,39.953841,116.357496,2008-11-08 05:51:08
008,39.953796,116.357508,2008-11-08 05:51:11
008,39.953747,116.357544,2008-11-08 05:51:14
008,39.953694,116.357596,2008-11-08 05:51:15
008,39.954827,116.357991,2008-11-08 09:30:35
008,39.954853,116.357982,2008-11-08 09:30:38
008,39.954903,116.357985,2008-11-08 09:30:40
008,39.954806,116.357985,2008-11-08 09:30:43
008,39.954792,116.357963,2008-11-08 09:30:48
008,39.954782,116.357954,2008-11-08 09:30:53
008,39.954775,116.357931,2008-11-08 09:30:58
008,39.954747,116.357882,2008-11-08 09:31:02
008,39.954709,116.357829,2008-11-08 09:31:06
008,39.954666,116.357793,2008-11-08 09:31:11
008,39.954655,116.357764,2008-11-08 09:31:16
008,39.954621,116.357723,2008-11-08 09:31:17
008,39.954541,116.357636,2008-11-08 09:31:21
008,39.954496,116.357606,2008-11-08 09:31:22
008,39.95449,116.357596,2008-11-08 09:31:27
008,39.954516,116.35757,2008-11-08 09:31:32
008,39.954508,116.35755,2008-11-08 09:31:37
008,39.954465,116.357531,2008-11-08 09:31:42
008,39.954453,116.357532,2008-11-08 09:31:47
008,39.954423,116.357559,2008-11-08 09:31:52
008,39.954372,116.357544,2008-11-08 09:31:56
008,39.954359,116.357565,2008-11-08 09:32:01
008,39.95432,116.357556,2008-11-08 09:32:06
008,39.954268,116.357551,2008-11-08 09:32:10
008,39.954224,116.357527,2008-11-08 09:32:14
008,39.954165,116.357511,2008-11-08 09:32:17
008,39.954124,116.357538,2008-11-08 09:32:22
008,39.954073,116.357565,2008-11-08 09:32:26
008,39.954049,116.357563,2008-11-08 09:32:31
008,39.954042,116.357569,2008-11-08 09:32:36
008,39.954047,116.357569,2008-11-08 09:32:41
008,39.954047,116.357569,2008-11-08 09:32:44
008,39.954048,116.357566,2008-11-08 09:32:46
008,39.954031,116.357574,2008-11-08 09:32:51
008,39.954035,116.357574,2008-11-08 09:32:56
008,39.954035,116.357574,2008-11-08 09:32:59
008,39.954032,116.357574,2008-11-08 09:33:01
008,39.954015,116.357595,2008-11-08 09:33:06
008,39.953947,116.357629,2008-11-08 09:33:09
008,39.953904,116.357655,2008-11-08 09:33:11
008,39.953857,116.357702,2008-11-08 09:33:14
008,39.953807,116.357732,2008-11-08 09:33:19
008,39.953763,116.35775,2008-11-08 09:33:22
008,39.953722,116.357776,2008-11-08 09:33:26
008,39.953682,116.357812,2008-11-08 09:33:31
008,39.953646,116.357817,2008-11-08 09:33:36
008,39.953612,116.357809,2008-11-08 09:33:41
008,39.953589,116.357794,2008-11-08 09:33:46
008,39.953586,116.357785,2008-11-08 09:33:51
008,39.953553,116.357732,2008-11-08 09:33:53
008,39.953516,116.357682,2008-11-08 09:33:56
008,39.953489,116.357652,2008-11-08 09:34:01
008,39.953489,116.357652,2008-11-08 09:34:04
008,39.953487,116.357645,2008-11-08 09:34:06
008,39.953463,116.357593,2008-11-08 09:34:09
008,39.953454,116.357521,2008-11-08 09:34:12
008,39.953446,116.357462,2008-11-08 09:34:14
008,39.953479,116.357411,2008-11-08 09:34:16
008,39.953507,116.357362,2008-11-08 09:34:19
008,39.953492,116.357296,2008-11-08 09:34:23
008,39.953467,116.357241,2008-11-08 09:34:25
008,39.953448,116.357205,2008-11-08 09:34:30
008,39.95341,116.357121,2008-11-08 09:34:35
008,39.953388,116.357016,2008-11-08 09:34:36
008,39.953357,116.356953,2008-11-08 09:34:37
008,39.953179,116.356774,2008-11-08 09:34:38
008,39.953089,116.356659,2008-11-08 09:34:39
008,39.953038,116.356635,2008-11-08 09:34:40
008,39.952952,116.356563,2008-11-08 09:34:41
008,39.952901,116.35649,2008-11-08 09:34:43
008,39.952947,116.356433,2008-11-08 09:34:45
008,39.952899,116.356361,2008-11-08 09:34:50
008,39.952863,116.356316,2008-11-08 09:34:52
008,39.952854,116.356301,2008-11-08 09:34:57
008,39.95282,116.35626,2008-11-08 09:34:59
008,39.952789,116.356212,2008-11-08 09:35:01
008,39.952787,116.356174,2008-11-08 09:35:06
008,39.952787,116.356174,2008-11-08 09:35:09
008,39.952789,116.356175,2008-11-08 09:35:11
008,39.952745,116.356126,2008-11-08 09:35:14
008,39.952803,116.356128,2008-11-08 09:35:19
008,39.952815,116.356056,2008-11-08 09:35:24
008,39.952876,116.356023,2008-11-08 09:35:26
008,39.952908,116.355972,2008-11-08 09:35:28
008,39.952869,116.355887,2008-11-08 09:35:30
008,39.952942,116.355827,2008-11-08 09:35:33
008,39.952852,116.355715,2008-11-08 09:35:35
008,39.952727,116.355495,2008-11-08 09:35:39
008,39.952706,116.355427,2008-11-08 09:35:41
008,39.952791,116.35547,2008-11-08 09:35:44
008,39.952808,116.355468,2008-11-08 09:35:49
008,39.952693,116.355374,2008-11-08 09:35:53
008,39.952643,116.35534,2008-11-08 09:35:54
008,39.952605,116.35531,2008-11-08 09:35:59
008,39.952621,116.355298,2008-11-08 09:36:04
008,39.952681,116.3553,2008-11-08 09:36:09
008,39.952791,116.355306,2008-11-08 09:36:12
008,39.952821,116.355328,2008-11-08 09:36:17
008,39.952868,116.355332,2008-11-08 09:36:22
008,39.952928,116.355345,2008-11-08 09:36:25
008,39.952975,116.355383,2008-11-08 09:36:27
008,39.952976,116.355415,2008-11-08 09:36:32
008,39.952931,116.355402,2008-11-08 09:36:36
008,39.952889,116.355379,2008-11-08 09:36:40
008,39.952833,116.355323,2008-11-08 09:36:45
008,39.952792,116.355295,2008-11-08 09:36:49
008,39.95279,116.355273,2008-11-08 09:36:54
008,39.9528,116.355265,2008-11-08 09:36:59
008,39.9528,116.355265,2008-11-08 09:37:02
008,39.952808,116.355257,2008-11-08 09:37:04
008,39.952843,116.355272,2008-11-08 09:37:09
008,39.952877,116.355259,2008-11-08 09:37:14
008,39.952924,116.355259,2008-11-08 09:37:18
008,39.952975,116.355221,2008-11-08 09:37:22
008,39.953021,116.355207,2008-11-08 09:37:24
008,39.953081,116.355213,2008-11-08 09:37:26
008,39.953144,116.355213,2008-11-08 09:37:28
008,39.95322,116.355213,2008-11-08 09:37:30
008,39.953305,116.355218,2008-11-08 09:37:32
008,39.95338,116.355226,2008-11-08 09:37:34
008,39.953346,116.355195,2008-11-08 09:37:39
008,39.953299,116.355171,2008-11-08 09:37:40
008,39.953246,116.355142,2008-11-08 09:37:41
008,39.95325,116.35513,2008-11-08 09:37:46
008,39.953261,116.355139,2008-11-08 09:37:51
008,39.953261,116.355139,2008-11-08 09:37:54
008,39.953263,116.355135,2008-11-08 09:37:56
008,39.953276,116.355126,2008-11-08 09:38:01
008,39.953289,116.355129,2008-11-08 09:38:06
008,39.953264,116.355133,2008-11-08 09:38:11
008,39.953251,116.355137,2008-11-08 09:38:16
008,39.953251,116.355137,2008-11-08 09:38:19
008,39.953257,116.35514,2008-11-08 09:38:21
008,39.95328,116.35514,2008-11-08 09:38:26
008,39.953304,116.35514,2008-11-08 09:38:31
008,39.953287,116.355134,2008-11-08 09:38:36
008,39.953204,116.355113,2008-11-08 09:38:38
008,39.953128,116.355121,2008-11-08 09:38:41
008,39.953074,116.355114,2008-11-08 09:38:42
008,39.952998,116.355136,2008-11-08 09:38:44
008,39.952919,116.355141,2008-11-08 09:38:46
008,39.952856,116.355136,2008-11-08 09:38:48
008,39.952794,116.355122,2008-11-08 09:38:51
008,39.95275,116.355107,2008-11-08 09:38:56
008,39.952697,116.355094,2008-11-08 09:39:01
008,39.95259,116.35509,2008-11-08 09:39:05
008,39.95279,116.355197,2008-11-08 09:39:06
008,39.952728,116.355162,2008-11-08 09:39:10
008,39.952728,116.355162,2008-11-08 09:39:13
008,39.952726,116.355164,2008-11-08 09:39:15
008,39.952628,116.355178,2008-11-08 09:39:19
008,39.952584,116.355134,2008-11-08 09:39:22
008,39.95256,116.3551,2008-11-08 09:39:27
008,39.95256,116.3551,2008-11-08 09:39:30
008,39.952566,116.355095,2008-11-08 09:39:32
008,39.952625,116.3551,2008-11-08 09:39:37
008,39.952635,116.355084,2008-11-08 09:39:42
008,39.952652,116.355101,2008-11-08 09:39:47
008,39.952678,116.355106,2008-11-08 09:39:52
008,39.952658,116.355084,2008-11-08 09:39:57
008,39.952658,116.355073,2008-11-08 09:40:02
008,39.952659,116.355069,2008-11-08 09:40:07
008,39.952659,116.355069,2008-11-08 09:40:10
008,39.952653,116.355065,2008-11-08 09:40:12
008,39.952644,116.355067,2008-11-08 09:40:17
008,39.952644,116.355067,2008-11-08 09:40:20
008,39.952647,116.355069,2008-11-08 09:40:22
008,39.952664,116.355079,2008-11-08 09:40:27
008,39.952602,116.355101,2008-11-08 09:40:30
008,39.952591,116.355069,2008-11-08 09:40:35
008,39.952554,116.35509,2008-11-08 09:40:40
008,39.952586,116.355154,2008-11-08 09:40:42
008,39.952586,116.355199,2008-11-08 09:40:46
008,39.952599,116.355253,2008-11-08 09:40:47
008,39.952567,116.355294,2008-11-08 09:40:50
008,39.952517,116.355293,2008-11-08 09:40:51
008,39.952462,116.355307,2008-11-08 09:40:53
008,39.952415,116.355351,2008-11-08 09:40:57
008,39.952342,116.355341,2008-11-08 09:41:00
008,39.952267,116.355352,2008-11-08 09:41:01
008,39.952204,116.355354,2008-11-08 09:41:02
008,39.952144,116.355354,2008-11-08 09:41:03
008,39.952092,116.355359,2008-11-08 09:41:05
008,39.952045,116.355366,2008-11-08 09:41:07
008,39.951997,116.355366,2008-11-08 09:41:09
008,39.951946,116.355371,2008-11-08 09:41:12
008,39.951887,116.355373,2008-11-08 09:41:14
008,39.951793,116.355347,2008-11-08 09:41:16
008,39.951677,116.355321,2008-11-08 09:41:17
008,39.951573,116.355312,2008-11-08 09:41:19
008,39.951522,116.355301,2008-11-08 09:41:20
008,39.951458,116.355301,2008-11-08 09:41:22
008,39.951402,116.355316,2008-11-08 09:41:24
008,39.951359,116.355333,2008-11-08 09:41:26
008,39.951313,116.355333,2008-11-08 09:41:31
008,39.951294,116.35534,2008-11-08 09:41:36
008,39.951225,116.355355,2008-11-08 09:41:39
008,39.951164,116.355361,2008-11-08 09:41:41
008,39.951117,116.355348,2008-11-08 09:41:42
008,39.951084,116.35541,2008-11-08 09:41:45
008,39.951029,116.355439,2008-11-08 09:41:47
008,39.950966,116.355419,2008-11-08 09:41:49
008,39.950838,116.355291,2008-11-08 09:41:52
008,39.950686,116.355221,2008-11-08 09:41:55
008,39.95064,116.35524,2008-11-08 09:41:56
008,39.95059,116.355243,2008-11-08 09:41:57
008,39.950475,116.355207,2008-11-08 09:41:58
008,39.950339,116.355181,2008-11-08 09:41:59
008,39.950387,116.355178,2008-11-08 09:42:00
008,39.950396,116.355165,2008-11-08 09:42:01
008,39.950354,116.355183,2008-11-08 09:42:02
008,39.950332,116.355234,2008-11-08 09:42:04
008,39.950437,116.355328,2008-11-08 09:42:05
008,39.950452,116.355404,2008-11-08 09:42:06
008,39.950526,116.355508,2008-11-08 09:42:07
008,39.950544,116.355583,2008-11-08 09:42:08
008,39.950572,116.355677,2008-11-08 09:42:09
008,39.950619,116.355765,2008-11-08 09:42:10
008,39.950622,116.355848,2008-11-08 09:42:11
008,39.950665,116.355951,2008-11-08 09:42:12
008,39.950661,116.356019,2008-11-08 09:42:13
008,39.950655,116.356079,2008-11-08 09:42:14
008,39.950711,116.356175,2008-11-08 09:42:15
008,39.950781,116.356257,2008-11-08 09:42:16
008,39.950818,116.356324,2008-11-08 09:42:17
008,39.950829,116.356406,2008-11-08 09:42:18
008,39.950818,116.356499,2008-11-08 09:42:19
008,39.950838,116.356585,2008-11-08 09:42:20
008,39.950877,116.356701,2008-11-08 09:42:21
008,39.950934,116.356851,2008-11-08 09:42:22
008,39.950956,116.356922,2008-11-08 09:42:23
008,39.950966,116.357009,2008-11-08 09:42:24
008,39.950992,116.357079,2008-11-08 09:42:25
008,39.951197,116.357304,2008-11-08 09:42:26
008,39.951259,116.357362,2008-11-08 09:42:27
008,39.951291,116.357424,2008-11-08 09:42:28
008,39.951295,116.357488,2008-11-08 09:42:29
008,39.95129,116.357554,2008-11-08 09:42:30
008,39.951299,116.357618,2008-11-08 09:42:31
008,39.951463,116.357853,2008-11-08 09:42:32
008,39.951597,116.358024,2008-11-08 09:42:33
008,39.951378,116.35817,2008-11-08 09:42:34
008,39.951385,116.358241,2008-11-08 09:42:35
008,39.951401,116.358313,2008-11-08 09:42:36
008,39.951402,116.358376,2008-11-08 09:42:37
008,39.951394,116.358439,2008-11-08 09:42:38
008,39.951399,116.358506,2008-11-08 09:42:39
008,39.951412,116.358578,2008-11-08 09:42:40
008,39.951415,116.358638,2008-11-08 09:42:41
008,39.951414,116.358697,2008-11-08 09:42:42
008,39.951403,116.358809,2008-11-08 09:42:44
008,39.951389,116.358861,2008-11-08 09:42:45
008,39.95138,116.358967,2008-11-08 09:42:47
008,39.951369,116.359011,2008-11-08 09:42:48
008,39.951349,116.359062,2008-11-08 09:42:49
008,39.951314,116.359156,2008-11-08 09:42:51
008,39.951274,116.359252,2008-11-08 09:42:53
008,39.951266,116.359335,2008-11-08 09:42:55
008,39.951256,116.359408,2008-11-08 09:42:57
008,39.951248,116.359474,2008-11-08 09:42:59
008,39.951249,116.359549,2008-11-08 09:43:01
008,39.95125,116.359636,2008-11-08 09:43:03
008,39.951243,116.359728,2008-11-08 09:43:05
008,39.951248,116.359816,2008-11-08 09:43:07
008,39.951244,116.359889,2008-11-08 09:43:09
008,39.951241,116.359967,2008-11-08 09:43:11
008,39.951243,116.360037,2008-11-08 09:43:13
008,39.951235,116.360106,2008-11-08 09:43:15
008,39.951231,116.360193,2008-11-08 09:43:18
008,39.951219,116.360261,2008-11-08 09:43:20
008,39.95119,116.360335,2008-11-08 09:43:22
008,39.951188,116.360425,2008-11-08 09:43:24
008,39.951173,116.360504,2008-11-08 09:43:26
008,39.951176,116.360576,2008-11-08 09:43:28
008,39.95118,116.36067,2008-11-08 09:43:30
008,39.951193,116.360776,2008-11-08 09:43:32
008,39.951208,116.36084,2008-11-08 09:43:33
008,39.951212,116.3609,2008-11-08 09:43:34
008,39.951218,116.360963,2008-11-08 09:43:35
008,39.951224,116.361025,2008-11-08 09:43:36
008,39.951239,116.361144,2008-11-08 09:43:38
008,39.951241,116.36125,2008-11-08 09:43:40
008,39.951237,116.361351,2008-11-08 09:43:42
008,39.95124,116.361437,2008-11-08 09:43:44
008,39.951252,116.361508,2008-11-08 09:43:46
008,39.951253,116.361568,2008-11-08 09:43:48
008,39.951266,116.361635,2008-11-08 09:43:50
008,39.951275,116.361715,2008-11-08 09:43:52
008,39.951274,116.361784,2008-11-08 09:43:54
008,39.951269,116.36185,2008-11-08 09:43:57
008,39.951258,116.361856,2008-11-08 09:44:02
008,39.95125,116.361899,2008-11-08 09:44:07
008,39.951234,116.361938,2008-11-08 09:44:12
008,39.951226,116.362002,2008-11-08 09:44:17
008,39.951178,116.361979,2008-11-08 09:44:19
008,39.95115,116.36203,2008-11-08 09:44:24
008,39.951147,116.362019,2008-11-08 09:44:29
008,39.951149,116.362038,2008-11-08 09:44:34
008,39.951085,116.362044,2008-11-08 09:44:35
008,39.951021,116.362076,2008-11-08 09:44:37
008,39.950954,116.362111,2008-11-08 09:44:40
008,39.950918,116.362158,2008-11-08 09:44:43
008,39.950868,116.362177,2008-11-08 09:44:45
008,39.950894,116.362229,2008-11-08 09:44:50
008,39.950896,116.362284,2008-11-08 09:44:55
008,39.950881,116.362324,2008-11-08 09:45:00
008,39.950919,116.362355,2008-11-08 09:45:04
008,39.950921,116.362362,2008-11-08 09:45:09
008,39.950921,116.362362,2008-11-08 09:45:12
008,39.950921,116.362365,2008-11-08 09:45:14
008,39.950923,116.362408,2008-11-08 09:45:19
008,39.950903,116.362461,2008-11-08 09:45:22
008,39.950947,116.362598,2008-11-08 09:45:25
008,39.950979,116.362671,2008-11-08 09:45:26
008,39.950985,116.362759,2008-11-08 09:45:28
008,39.950934,116.362768,2008-11-08 09:45:32
008,39.950875,116.362795,2008-11-08 09:45:34
008,39.950827,116.362823,2008-11-08 09:45:37
008,39.950773,116.362838,2008-11-08 09:45:40
008,39.950695,116.362851,2008-11-08 09:45:42
008,39.950642,116.362862,2008-11-08 09:45:44
008,39.950589,116.362868,2008-11-08 09:45:47
008,39.950543,116.362864,2008-11-08 09:45:48
008,39.950447,116.362881,2008-11-08 09:45:49
008,39.950387,116.362875,2008-11-08 09:45:50
008,39.95031,116.362842,2008-11-08 09:45:52
008,39.950265,116.362846,2008-11-08 09:45:54
008,39.950094,116.362878,2008-11-08 09:45:55
008,39.950025,116.3629,2008-11-08 09:45:57
008,39.949981,116.362936,2008-11-08 09:46:01
008,39.949889,116.362963,2008-11-08 09:46:03
008,39.949818,116.36301,2008-11-08 09:46:05
008,39.949792,116.363081,2008-11-08 09:46:07
008,39.949768,116.363161,2008-11-08 09:46:09
008,39.949745,116.363248,2008-11-08 09:46:11
008,39.949728,116.363351,2008-11-08 09:46:13
008,39.949707,116.363454,2008-11-08 09:46:15
008,39.949687,116.363563,2008-11-08 09:46:17
008,39.949674,116.36367,2008-11-08 09:46:19
008,39.94967,116.363775,2008-11-08 09:46:21
008,39.949659,116.363883,2008-11-08 09:46:23
008,39.949645,116.363977,2008-11-08 09:46:25
008,39.949631,116.364078,2008-11-08 09:46:27
008,39.949619,116.364175,2008-11-08 09:46:29
008,39.94962,116.364281,2008-11-08 09:46:31
008,39.949638,116.364361,2008-11-08 09:46:32
008,39.949635,116.364448,2008-11-08 09:46:34
008,39.949629,116.364517,2008-11-08 09:46:36
008,39.94964,116.364604,2008-11-08 09:46:38
008,39.949656,116.364674,2008-11-08 09:46:41
008,39.94968,116.364737,2008-11-08 09:46:43
008,39.949698,116.364814,2008-11-08 09:46:45
008,39.949709,116.36489,2008-11-08 09:46:48
008,39.949694,116.364946,2008-11-08 09:46:50
008,39.949712,116.365005,2008-11-08 09:46:52
008,39.949711,116.365069,2008-11-08 09:46:54
008,39.949717,116.365127,2008-11-08 09:46:56
008,39.949693,116.365192,2008-11-08 09:46:59
008,39.949642,116.365214,2008-11-08 09:47:02
008,39.949588,116.365219,2008-11-08 09:47:04
008,39.949521,116.365257,2008-11-08 09:47:07
008,39.949466,116.365265,2008-11-08 09:47:08
008,39.949409,116.365267,2008-11-08 09:47:09
008,39.949333,116.365267,2008-11-08 09:47:11
008,39.949287,116.365279,2008-11-08 09:47:12
008,39.94924,116.365286,2008-11-08 09:47:13
008,39.94919,116.365292,2008-11-08 09:47:14
008,39.949084,116.365311,2008-11-08 09:47:16
008,39.949019,116.365321,2008-11-08 09:47:17
008,39.948954,116.365324,2008-11-08 09:47:18
008,39.948884,116.365329,2008-11-08 09:47:19
008,39.948823,116.365337,2008-11-08 09:47:20
008,39.948757,116.365344,2008-11-08 09:47:21
008,39.948684,116.36535,2008-11-08 09:47:22
008,39.948603,116.365361,2008-11-08 09:47:23
008,39.948553,116.365368,2008-11-08 09:47:24
008,39.948508,116.365377,2008-11-08 09:47:25
008,39.948437,116.365393,2008-11-08 09:47:27
008,39.948363,116.3654,2008-11-08 09:47:29
008,39.948302,116.365411,2008-11-08 09:47:31
008,39.948221,116.365422,2008-11-08 09:47:33
008,39.948144,116.365437,2008-11-08 09:47:35
008,39.948079,116.365435,2008-11-08 09:47:37
008,39.948033,116.36543,2008-11-08 09:47:41
008,39.948017,116.365432,2008-11-08 09:47:46
008,39.948016,116.365433,2008-11-08 09:47:51
008,39.94802,116.365433,2008-11-08 09:47:56
008,39.948018,116.365434,2008-11-08 09:48:01
008,39.948018,116.365434,2008-11-08 09:48:04
008,39.94801,116.365434,2008-11-08 09:48:06
008,39.947995,116.365442,2008-11-08 09:48:11
008,39.947982,116.365442,2008-11-08 09:48:16
008,39.947967,116.365438,2008-11-08 09:48:21
008,39.947937,116.36541,2008-11-08 09:48:26
008,39.947888,116.365411,2008-11-08 09:48:30
008,39.947843,116.365406,2008-11-08 09:48:35
008,39.947791,116.365426,2008-11-08 09:48:38
008,39.947737,116.36546,2008-11-08 09:48:42
008,39.947694,116.365441,2008-11-08 09:48:46
008,39.947663,116.365492,2008-11-08 09:48:48
008,39.947622,116.365523,2008-11-08 09:48:50
008,39.947581,116.36557,2008-11-08 09:48:53
008,39.947543,116.365548,2008-11-08 09:48:58
008,39.947523,116.365537,2008-11-08 09:49:03
008,39.947498,116.365513,2008-11-08 09:49:08
008,39.947459,116.365495,2008-11-08 09:49:13
008,39.947441,116.365487,2008-11-08 09:49:18
008,39.947441,116.365487,2008-11-08 09:49:21
008,39.94744,116.365488,2008-11-08 09:49:23
008,39.947437,116.365528,2008-11-08 09:49:28
008,39.947384,116.365529,2008-11-08 09:49:31
008,39.947339,116.365544,2008-11-08 09:49:35
008,39.94729,116.365559,2008-11-08 09:49:39
008,39.947233,116.365546,2008-11-08 09:49:43
008,39.947172,116.365527,2008-11-08 09:49:45
008,39.947139,116.36554,2008-11-08 09:49:50
008,39.947121,116.365548,2008-11-08 09:49:55
008,39.947098,116.365546,2008-11-08 09:50:00
008,39.947046,116.365561,2008-11-08 09:50:04
008,39.947004,116.365586,2008-11-08 09:50:09
008,39.946955,116.365614,2008-11-08 09:50:13
008,39.946917,116.36562,2008-11-08 09:50:18
008,39.946873,116.36563,2008-11-08 09:50:22
008,39.946825,116.365605,2008-11-08 09:50:27
008,39.946781,116.365603,2008-11-08 09:50:32
008,39.946739,116.365589,2008-11-08 09:50:37
008,39.946714,116.365593,2008-11-08 09:50:42
008,39.946705,116.365587,2008-11-08 09:50:47
008,39.94665,116.36553,2008-11-08 09:50:50
008,39.94665,116.365468,2008-11-08 09:50:54
008,39.946669,116.365412,2008-11-08 09:50:59
008,39.946652,116.365394,2008-11-08 09:51:04
008,39.946597,116.365373,2008-11-08 09:51:09
008,39.946542,116.365325,2008-11-08 09:51:12
008,39.946492,116.365305,2008-11-08 09:51:14
008,39.946457,116.36529,2008-11-08 09:51:19
008,39.946438,116.365268,2008-11-08 09:51:24
008,39.946422,116.365297,2008-11-08 09:51:29
008,39.946414,116.36528,2008-11-08 09:51:34
008,39.946403,116.365326,2008-11-08 09:51:39
008,39.946395,116.365336,2008-11-08 09:51:44
008,39.946375,116.365402,2008-11-08 09:51:48
008,39.946372,116.365466,2008-11-08 09:51:53
008,39.94637,116.365497,2008-11-08 09:51:58
008,39.946375,116.365498,2008-11-08 09:52:03
008,39.946375,116.365498,2008-11-08 09:52:06
008,39.946377,116.365498,2008-11-08 09:52:08
008,39.94616,116.365789,2008-11-08 11:20:05
008,39.946589,116.365814,2008-11-08 11:20:06
008,39.946961,116.365692,2008-11-08 11:20:07
008,39.946875,116.36575,2008-11-08 11:20:08
008,39.946881,116.365793,2008-11-08 11:20:10
008,39.94681,116.365802,2008-11-08 11:20:11
008,39.946774,116.365807,2008-11-08 11:20:12
008,39.946682,116.365816,2008-11-08 11:20:13
008,39.946686,116.365788,2008-11-08 11:20:18
008,39.94669,116.365808,2008-11-08 11:20:23
008,39.94673,116.365846,2008-11-08 11:20:28
008,39.946765,116.365855,2008-11-08 11:20:33
008,39.946815,116.365833,2008-11-08 11:20:36
008,39.946842,116.365825,2008-11-08 11:20:41
008,39.946866,116.365815,2008-11-08 11:20:46
008,39.946821,116.365826,2008-11-08 11:20:47
008,39.946779,116.365876,2008-11-08 11:20:52
008,39.946834,116.365926,2008-11-08 11:20:53
008,39.946828,116.365946,2008-11-08 11:20:58
008,39.94683,116.365956,2008-11-08 11:21:03
008,39.946835,116.365965,2008-11-08 11:21:08
008,39.946839,116.365982,2008-11-08 11:21:13
008,39.946832,116.366028,2008-11-08 11:21:18
008,39.946793,116.366037,2008-11-08 11:21:23
008,39.946748,116.366026,2008-11-08 11:21:26
008,39.946699,116.366044,2008-11-08 11:21:30
008,39.94667,116.366052,2008-11-08 11:21:35
008,39.94662,116.36605,2008-11-08 11:21:38
008,39.946558,116.366034,2008-11-08 11:21:43
008,39.946528,116.366025,2008-11-08 11:21:48
008,39.9465,116.36601,2008-11-08 11:21:53
008,39.94639,116.366052,2008-11-08 11:21:57
008,39.946344,116.366075,2008-11-08 11:21:58
008,39.9463,116.366092,2008-11-08 11:22:01
008,39.946229,116.366097,2008-11-08 11:22:06
008,39.946173,116.366092,2008-11-08 11:22:09
008,39.946134,116.366097,2008-11-08 11:22:14
008,39.946097,116.366113,2008-11-08 11:22:19
008,39.946071,116.366108,2008-11-08 11:22:24
008,39.946054,116.366092,2008-11-08 11:22:29
008,39.946041,116.366092,2008-11-08 11:22:34
008,39.946029,116.366081,2008-11-08 11:22:39
008,39.946014,116.366073,2008-11-08 11:22:44
008,39.946023,116.366094,2008-11-08 11:22:49
008,39.946023,116.366094,2008-11-08 11:22:52
008,39.94603,116.366086,2008-11-08 11:22:54
008,39.945935,116.366132,2008-11-08 11:22:55
008,39.945946,116.366087,2008-11-08 11:23:00
008,39.945959,116.366031,2008-11-08 11:23:04
008,39.945943,116.366031,2008-11-08 11:23:09
008,39.945943,116.36603,2008-11-08 11:23:14
008,39.945943,116.36603,2008-11-08 11:23:17
008,39.945937,116.366032,2008-11-08 11:23:19
008,39.945907,116.366026,2008-11-08 11:23:24
008,39.945887,116.366001,2008-11-08 11:23:29
008,39.945887,116.366001,2008-11-08 11:23:32
008,39.945884,116.365999,2008-11-08 11:23:34
008,39.945877,116.366011,2008-11-08 11:23:39
008,39.945832,116.366022,2008-11-08 11:23:43
008,39.945622,116.36623,2008-11-08 11:31:07
008,39.945578,116.366218,2008-11-08 11:31:12
008,39.94555,116.366219,2008-11-08 11:31:17
008,39.945543,116.366207,2008-11-08 11:31:22
008,39.94552,116.366194,2008-11-08 11:31:27
008,39.945505,116.366191,2008-11-08 11:31:32
008,39.945483,116.366197,2008-11-08 11:31:37
008,39.945461,116.366183,2008-11-08 11:31:42
008,39.945448,116.366193,2008-11-08 11:31:47
008,39.945429,116.366188,2008-11-08 11:31:52
008,39.945368,116.366221,2008-11-08 11:31:57
008,39.945339,116.366227,2008-11-08 11:32:02
008,39.945302,116.366238,2008-11-08 11:32:07
008,39.945272,116.366242,2008-11-08 11:32:12
008,39.94522,116.366247,2008-11-08 11:32:17
008,39.945187,116.366243,2008-11-08 11:32:22
008,39.945198,116.366237,2008-11-08 11:32:27
008,39.945185,116.366227,2008-11-08 11:32:32
008,39.945188,116.366217,2008-11-08 11:32:37
008,39.945104,116.36622,2008-11-08 11:32:42
008,39.945043,116.366206,2008-11-08 11:32:43
008,39.944998,116.366222,2008-11-08 11:32:45
008,39.944993,116.366212,2008-11-08 11:32:50
008,39.944941,116.366225,2008-11-08 11:32:55
008,39.944941,116.366225,2008-11-08 11:32:58
008,39.944947,116.366224,2008-11-08 11:33:00
008,39.944916,116.366204,2008-11-08 11:33:05
008,39.944916,116.366204,2008-11-08 11:33:08
008,39.944916,116.3662,2008-11-08 11:33:10
008,39.944907,116.366189,2008-11-08 11:33:15
008,39.944857,116.366186,2008-11-08 11:33:17
008,39.944821,116.366195,2008-11-08 11:33:22
008,39.944769,116.366182,2008-11-08 11:33:26
008,39.94472,116.366177,2008-11-08 11:33:28
008,39.944674,116.36618,2008-11-08 11:33:30
008,39.94463,116.366188,2008-11-08 11:33:35
008,39.944579,116.366164,2008-11-08 11:33:40
008,39.944535,116.366174,2008-11-08 11:33:43
008,39.944526,116.366163,2008-11-08 11:33:48
008,39.944491,116.366152,2008-11-08 11:33:53
008,39.944475,116.366151,2008-11-08 11:33:58
008,39.944422,116.366162,2008-11-08 11:34:00
008,39.944376,116.366171,2008-11-08 11:34:03
008,39.94433,116.366168,2008-11-08 11:34:07
008,39.944273,116.366184,2008-11-08 11:34:11
008,39.944211,116.366189,2008-11-08 11:34:15
008,39.944166,116.366194,2008-11-08 11:34:18
008,39.944122,116.366189,2008-11-08 11:34:23
008,39.944108,116.36619,2008-11-08 11:34:28
008,39.944083,116.366192,2008-11-08 11:34:33
008,39.944017,116.366185,2008-11-08 11:34:38
008,39.943969,116.366184,2008-11-08 11:34:41
008,39.943929,116.366174,2008-11-08 11:34:46
008,39.943908,116.366161,2008-11-08 11:34:51
008,39.943862,116.366147,2008-11-08 11:34:55
008,39.943852,116.366133,2008-11-08 11:35:00
008,39.943817,116.366133,2008-11-08 11:35:05
008,39.943779,116.366093,2008-11-08 11:35:10
008,39.943754,116.36608,2008-11-08 11:35:15
008,39.943693,116.366085,2008-11-08 11:35:20
008,39.943683,116.366076,2008-11-08 11:35:25
008,39.943646,116.366078,2008-11-08 11:35:30
008,39.943646,116.366078,2008-11-08 11:35:33
008,39.943638,116.366072,2008-11-08 11:35:35
008,39.94364,116.36606,2008-11-08 11:35:40
008,39.94364,116.36606,2008-11-08 11:35:43
008,39.943632,116.366066,2008-11-08 11:35:45
008,39.943572,116.36619,2008-11-08 11:35:46
008,39.94355,116.366151,2008-11-08 11:35:51
008,39.94352,116.366128,2008-11-08 11:35:56
008,39.943474,116.366094,2008-11-08 11:36:01
008,39.943455,116.366104,2008-11-08 11:36:06
008,39.943411,116.366125,2008-11-08 11:36:11
008,39.943396,116.366132,2008-11-08 11:36:16
008,39.943386,116.366136,2008-11-08 11:36:21
008,39.943344,116.366162,2008-11-08 11:36:26
008,39.943296,116.366175,2008-11-08 11:36:31
008,39.943066,116.366284,2008-11-08 11:36:35
008,39.94302,116.366305,2008-11-08 11:36:36
008,39.942968,116.366317,2008-11-08 11:36:38
008,39.942917,116.366331,2008-11-08 11:36:42
008,39.942865,116.366342,2008-11-08 11:36:46
008,39.942833,116.366339,2008-11-08 11:36:51
008,39.942819,116.366339,2008-11-08 11:36:56
008,39.942816,116.366339,2008-11-08 11:37:01
008,39.942813,116.366339,2008-11-08 11:37:06
008,39.942812,116.366332,2008-11-08 11:37:11
008,39.942812,116.366332,2008-11-08 11:37:14
008,39.942815,116.366325,2008-11-08 11:37:16
008,39.942819,116.366312,2008-11-08 11:37:21
008,39.942822,116.366302,2008-11-08 11:37:26
008,39.942823,116.366285,2008-11-08 11:37:31
008,39.942804,116.366256,2008-11-08 11:37:36
008,39.94278,116.366215,2008-11-08 11:37:41
008,39.942713,116.365757,2008-11-08 12:00:55
008,39.942751,116.365806,2008-11-08 12:00:56
008,39.942715,116.365882,2008-11-08 12:01:00
008,39.942661,116.365962,2008-11-08 12:01:01
008,39.942652,116.365967,2008-11-08 12:01:03
008,39.942633,116.365918,2008-11-08 12:01:07
008,39.942581,116.365898,2008-11-08 12:01:08
008,39.942512,116.365846,2008-11-08 12:01:09
008,39.942457,116.365788,2008-11-08 12:01:12
008,39.942459,116.365779,2008-11-08 12:01:17
008,39.942507,116.365771,2008-11-08 12:01:20
008,39.942557,116.365771,2008-11-08 12:01:24
008,39.942606,116.365783,2008-11-08 12:01:26
008,39.942642,116.36581,2008-11-08 12:01:31
008,39.942669,116.365814,2008-11-08 12:01:36
008,39.942677,116.36582,2008-11-08 12:01:41
008,39.942684,116.365824,2008-11-08 12:01:46
008,39.942685,116.365824,2008-11-08 12:01:51
008,39.942685,116.365822,2008-11-08 12:01:56
008,39.942682,116.365821,2008-11-08 12:02:01
008,39.942681,116.365815,2008-11-08 12:02:06
008,39.942675,116.365812,2008-11-08 12:02:11
008,39.942673,116.365811,2008-11-08 12:02:16
008,39.942673,116.365814,2008-11-08 12:02:21
008,39.942673,116.365814,2008-11-08 12:02:24
008,39.942675,116.365817,2008-11-08 12:02:26
008,39.942775,116.365848,2008-11-08 12:02:29
008,39.942818,116.365874,2008-11-08 12:02:31
008,39.942898,116.365893,2008-11-08 12:02:34
008,39.942952,116.365903,2008-11-08 12:02:37
008,39.942992,116.365944,2008-11-08 12:02:42
008,39.943047,116.365951,2008-11-08 12:02:45
008,39.943078,116.365961,2008-11-08 12:02:50
008,39.943119,116.365956,2008-11-08 12:02:55
008,39.943127,116.365947,2008-11-08 12:03:00
008,39.943177,116.365941,2008-11-08 12:03:04
008,39.943232,116.365948,2008-11-08 12:03:08
008,39.943236,116.365952,2008-11-08 12:03:13
008,39.943236,116.365952,2008-11-08 12:03:16
008,39.943243,116.365957,2008-11-08 12:03:18
008,39.943293,116.36596,2008-11-08 12:03:21
008,39.943339,116.365961,2008-11-08 12:03:23
008,39.943386,116.365946,2008-11-08 12:03:26
008,39.94344,116.365952,2008-11-08 12:03:30
008,39.943521,116.365961,2008-11-08 12:03:35
008,39.943567,116.365968,2008-11-08 12:03:39
008,39.943575,116.365948,2008-11-08 12:03:44
008,39.943581,116.365953,2008-11-08 12:03:49
008,39.943581,116.365953,2008-11-08 12:03:52
008,39.943585,116.365955,2008-11-08 12:03:54
008,39.94354,116.365883,2008-11-08 12:03:59
008,39.943589,116.365867,2008-11-08 12:04:02
008,39.943651,116.365865,2008-11-08 12:04:04
008,39.943719,116.365872,2008-11-08 12:04:07
008,39.94376,116.365892,2008-11-08 12:04:12
008,39.943792,116.365886,2008-11-08 12:04:17
008,39.943828,116.365849,2008-11-08 12:04:22
008,39.943834,116.365802,2008-11-08 12:04:27
008,39.943855,116.365798,2008-11-08 12:04:32
008,39.943831,116.365742,2008-11-08 12:04:37
008,39.943835,116.365735,2008-11-08 12:04:42
008,39.943835,116.365735,2008-11-08 12:04:45
008,39.94383,116.365737,2008-11-08 12:04:47
008,39.943836,116.365718,2008-11-08 12:04:52
008,39.943888,116.365726,2008-11-08 12:04:57
008,39.943933,116.365745,2008-11-08 12:05:01
008,39.943966,116.365709,2008-11-08 12:05:06
008,39.943987,116.365691,2008-11-08 12:05:11
008,39.944034,116.365702,2008-11-08 12:05:13
008,39.944034,116.365702,2008-11-08 12:05:16
008,39.944033,116.365702,2008-11-08 12:05:18
008,39.944054,116.365689,2008-11-08 12:05:23
008,39.944106,116.365693,2008-11-08 12:05:28
008,39.944157,116.365695,2008-11-08 12:05:31
008,39.944201,116.365679,2008-11-08 12:05:35
008,39.944251,116.365679,2008-11-08 12:05:39
008,39.944293,116.365685,2008-11-08 12:05:44
008,39.944336,116.36571,2008-11-08 12:05:49
008,39.944332,116.36571,2008-11-08 12:05:54
008,39.944328,116.365716,2008-11-08 12:05:59
008,39.944328,116.365716,2008-11-08 12:06:02
008,39.944336,116.365714,2008-11-08 12:06:04
008,39.944346,116.365693,2008-11-08 12:06:09
008,39.944398,116.365709,2008-11-08 12:06:12
008,39.944454,116.365724,2008-11-08 12:06:17
008,39.944463,116.365699,2008-11-08 12:06:22
008,39.944399,116.365645,2008-11-08 12:06:24
008,39.944422,116.365608,2008-11-08 12:06:29
008,39.944478,116.365609,2008-11-08 12:06:34
008,39.944528,116.36562,2008-11-08 12:06:38
008,39.944561,116.365594,2008-11-08 12:06:43
008,39.944597,116.365576,2008-11-08 12:06:48
008,39.944631,116.36559,2008-11-08 12:06:53
008,39.944662,116.365591,2008-11-08 12:06:58
008,39.944683,116.365597,2008-11-08 12:07:03
008,39.944692,116.365597,2008-11-08 12:07:08
008,39.944712,116.365624,2008-11-08 12:07:13
008,39.944752,116.365623,2008-11-08 12:07:18
008,39.944816,116.365614,2008-11-08 12:07:22
008,39.944841,116.365592,2008-11-08 12:07:27
008,39.944882,116.365607,2008-11-08 12:07:32
008,39.944928,116.365603,2008-11-08 12:07:36
008,39.944931,116.36559,2008-11-08 12:07:41
008,39.944939,116.365572,2008-11-08 12:07:46
008,39.944979,116.365573,2008-11-08 12:07:51
008,39.944985,116.365556,2008-11-08 12:07:56
008,39.944994,116.365553,2008-11-08 12:08:01
008,39.945021,116.365544,2008-11-08 12:08:06
008,39.945052,116.365548,2008-11-08 12:08:11
008,39.945044,116.365559,2008-11-08 12:08:16
008,39.945022,116.365559,2008-11-08 12:08:21
008,39.945024,116.365546,2008-11-08 12:08:26
008,39.945071,116.365539,2008-11-08 12:08:31
008,39.945091,116.365539,2008-11-08 12:08:36
008,39.945125,116.365551,2008-11-08 12:08:41
008,39.945169,116.365553,2008-11-08 12:08:46
008,39.945217,116.365542,2008-11-08 12:08:51
008,39.945217,116.365542,2008-11-08 12:08:54
008,39.945215,116.365542,2008-11-08 12:08:56
008,39.945248,116.365537,2008-11-08 12:09:01
008,39.945273,116.365532,2008-11-08 12:09:06
008,39.945327,116.365543,2008-11-08 12:09:11
008,39.945374,116.365542,2008-11-08 12:09:14
008,39.94544,116.365551,2008-11-08 12:09:16
008,39.945495,116.365582,2008-11-08 12:09:19
008,39.945539,116.365595,2008-11-08 12:09:21
008,39.945591,116.365621,2008-11-08 12:09:25
008,39.945599,116.365624,2008-11-08 12:09:30
008,39.945599,116.365624,2008-11-08 12:09:33
008,39.945598,116.365623,2008-11-08 12:09:35
008,39.945628,116.365614,2008-11-08 12:09:40
008,39.945673,116.365613,2008-11-08 12:09:43
008,39.945718,116.365619,2008-11-08 12:09:46
008,39.945739,116.365627,2008-11-08 12:09:51
008,39.945775,116.365665,2008-11-08 12:09:54
008,39.945831,116.365688,2008-11-08 12:09:56
008,39.945906,116.365717,2008-11-08 12:09:59
008,39.945986,116.365725,2008-11-08 12:10:01
008,39.946093,116.36575,2008-11-08 12:10:04
008,39.946165,116.365795,2008-11-08 12:10:05
008,39.946229,116.365836,2008-11-08 12:10:08
008,39.946272,116.365842,2008-11-08 12:10:09
008,39.946348,116.365881,2008-11-08 12:10:12
008,39.946418,116.365898,2008-11-08 12:10:16
008,39.94646,116.365921,2008-11-08 12:10:17
008,39.946498,116.365925,2008-11-08 12:10:22
008,39.946518,116.36593,2008-11-08 12:10:27
008,39.946527,116.365937,2008-11-08 12:10:32
008,39.946546,116.365951,2008-11-08 12:10:37
008,39.946559,116.365943,2008-11-08 12:10:42
008,39.946573,116.365936,2008-11-08 12:10:47
008,39.946624,116.365902,2008-11-08 12:10:50
008,39.946693,116.365911,2008-11-08 12:10:52
008,39.946755,116.365942,2008-11-08 12:10:53
008,39.946808,116.365972,2008-11-08 12:10:58
008,39.946854,116.365953,2008-11-08 12:11:01
008,39.946902,116.365932,2008-11-08 12:11:04
008,39.946952,116.365911,2008-11-08 12:11:07
008,39.947012,116.365884,2008-11-08 12:11:08
008,39.947064,116.36585,2008-11-08 12:11:12
008,39.947094,116.365817,2008-11-08 12:11:17
008,39.947135,116.365799,2008-11-08 12:11:22
008,39.947154,116.365803,2008-11-08 12:11:27
008,39.947154,116.365803,2008-11-08 12:11:30
008,39.947156,116.365808,2008-11-08 12:11:32
008,39.947188,116.365806,2008-11-08 12:11:37
008,39.947223,116.365794,2008-11-08 12:11:42
008,39.947262,116.365776,2008-11-08 12:11:47
008,39.947321,116.365773,2008-11-08 12:11:50
008,39.947376,116.365761,2008-11-08 12:11:54
008,39.947425,116.365759,2008-11-08 12:11:58
008,39.947487,116.365755,2008-11-08 12:12:02
008,39.947527,116.365728,2008-11-08 12:12:06
008,39.947558,116.365709,2008-11-08 12:12:11
008,39.947579,116.365671,2008-11-08 12:12:16
008,39.947586,116.365638,2008-11-08 12:12:21
008,39.947597,116.365595,2008-11-08 12:12:26
008,39.947633,116.365599,2008-11-08 12:12:31
008,39.947673,116.365606,2008-11-08 12:12:36
008,39.947707,116.365634,2008-11-08 12:12:41
008,39.947701,116.365607,2008-11-08 12:12:46
008,39.947749,116.365606,2008-11-08 12:12:48
008,39.947735,116.365577,2008-11-08 12:12:53
008,39.947661,116.365495,2008-11-08 12:12:57
008,39.947612,116.365443,2008-11-08 12:13:01
008,39.947633,116.365413,2008-11-08 12:13:06
008,39.947633,116.365413,2008-11-08 12:13:09
008,39.947641,116.365412,2008-11-08 12:13:11
008,39.947685,116.365379,2008-11-08 12:13:15
008,39.947711,116.365336,2008-11-08 12:13:20
008,39.947746,116.365367,2008-11-08 12:13:25
008,39.947782,116.365368,2008-11-08 12:13:30
008,39.947828,116.365376,2008-11-08 12:13:33
008,39.947901,116.3654,2008-11-08 12:13:37
008,39.947961,116.365461,2008-11-08 12:13:39
008,39.948012,116.365459,2008-11-08 12:13:44
008,39.948038,116.365434,2008-11-08 12:13:49
008,39.948038,116.365434,2008-11-08 12:13:52
008,39.948045,116.365426,2008-11-08 12:13:54
008,39.948106,116.365459,2008-11-08 12:13:57
008,39.948161,116.365501,2008-11-08 12:13:59
008,39.948222,116.365496,2008-11-08 12:14:02
008,39.948282,116.365484,2008-11-08 12:14:05
008,39.948344,116.365496,2008-11-08 12:14:07
008,39.948414,116.365519,2008-11-08 12:14:09
008,39.948471,116.36557,2008-11-08 12:14:10
008,39.948564,116.365559,2008-11-08 12:14:12
008,39.948616,116.365553,2008-11-08 12:14:13
008,39.94868,116.365553,2008-11-08 12:14:15
008,39.948761,116.365629,2008-11-08 12:14:16
008,39.948818,116.365625,2008-11-08 12:14:18
008,39.948865,116.365632,2008-11-08 12:14:20
008,39.948932,116.365632,2008-11-08 12:14:23
008,39.949007,116.365625,2008-11-08 12:14:26
008,39.949052,116.365652,2008-11-08 12:14:28
008,39.949097,116.365657,2008-11-08 12:14:31
008,39.949132,116.365646,2008-11-08 12:14:36
008,39.949145,116.365641,2008-11-08 12:14:41
008,39.949157,116.365613,2008-11-08 12:14:46
008,39.949157,116.365613,2008-11-08 12:14:49
008,39.949164,116.365611,2008-11-08 12:14:51
008,39.949209,116.365601,2008-11-08 12:14:55
008,39.949164,116.365518,2008-11-08 12:14:59
008,39.949141,116.365453,2008-11-08 12:15:03
008,39.949156,116.365451,2008-11-08 12:15:08
008,39.949156,116.365451,2008-11-08 12:15:11
008,39.94915,116.365449,2008-11-08 12:15:13
008,39.949136,116.36545,2008-11-08 12:15:18
008,39.949096,116.365451,2008-11-08 12:15:23
008,39.949084,116.365438,2008-11-08 12:15:28
008,39.949081,116.365435,2008-11-08 12:15:33
008,39.949079,116.365431,2008-11-08 12:15:38
008,39.949079,116.365431,2008-11-08 12:15:41
008,39.949084,116.365424,2008-11-08 12:15:43
008,39.949073,116.365407,2008-11-08 12:15:48
008,39.949094,116.365404,2008-11-08 12:15:53
008,39.949115,116.365403,2008-11-08 12:15:58
008,39.949126,116.365414,2008-11-08 12:16:03
008,39.94914,116.365407,2008-11-08 12:16:08
008,39.949176,116.365396,2008-11-08 12:16:13
008,39.949147,116.365344,2008-11-08 12:16:17
008,39.949157,116.365342,2008-11-08 12:16:22
008,39.949149,116.36531,2008-11-08 12:16:27
008,39.94913,116.365286,2008-11-08 12:16:32
008,39.949077,116.365245,2008-11-08 12:16:36
008,39.949115,116.3652,2008-11-08 12:16:41
008,39.949154,116.365188,2008-11-08 12:16:46
008,39.949194,116.365193,2008-11-08 12:16:51
008,39.949229,116.365182,2008-11-08 12:16:56
008,39.949284,116.365199,2008-11-08 12:17:00
008,39.949334,116.365201,2008-11-08 12:17:03
008,39.949377,116.365179,2008-11-08 12:17:08
008,39.949403,116.365175,2008-11-08 12:17:13
008,39.949454,116.36516,2008-11-08 12:17:17
008,39.949505,116.36517,2008-11-08 12:17:22
008,39.949524,116.365181,2008-11-08 12:17:27
008,39.949572,116.365188,2008-11-08 12:17:32
008,39.949606,116.365176,2008-11-08 12:17:37
008,39.949636,116.365169,2008-11-08 12:17:42
008,39.949674,116.365173,2008-11-08 12:17:47
008,39.949715,116.365148,2008-11-08 12:17:52
008,39.949757,116.365165,2008-11-08 12:17:57
008,39.949743,116.365143,2008-11-08 12:18:02
008,39.949754,116.365137,2008-11-08 12:18:07
008,39.949754,116.365115,2008-11-08 12:18:12
008,39.949774,116.365085,2008-11-08 12:18:17
008,39.949817,116.365071,2008-11-08 12:18:22
008,39.949856,116.365033,2008-11-08 12:18:27
008,39.949863,116.365002,2008-11-08 12:18:32
008,39.949888,116.36497,2008-11-08 12:18:37
008,39.949891,116.364934,2008-11-08 12:18:42
008,39.949922,116.364897,2008-11-08 12:18:47
008,39.949935,116.364898,2008-11-08 12:18:52
008,39.949963,116.364866,2008-11-08 12:18:57
008,39.949966,116.364834,2008-11-08 12:19:02
008,39.949984,116.364798,2008-11-08 12:19:07
008,39.950002,116.364774,2008-11-08 12:19:12
008,39.950002,116.364754,2008-11-08 12:19:17
008,39.950022,116.364729,2008-11-08 12:19:22
008,39.950035,116.364701,2008-11-08 12:19:27
008,39.95006,116.364659,2008-11-08 12:19:32
008,39.950072,116.364597,2008-11-08 12:19:36
008,39.950174,116.364626,2008-11-08 12:19:39
008,39.950247,116.364671,2008-11-08 12:19:41
008,39.95026,116.364669,2008-11-08 12:19:46
008,39.950275,116.364667,2008-11-08 12:19:51
008,39.950294,116.364652,2008-11-08 12:19:56
008,39.950344,116.364675,2008-11-08 12:20:01
008,39.950361,116.364683,2008-11-08 12:20:06
008,39.950365,116.364688,2008-11-08 12:20:11
008,39.950365,116.364688,2008-11-08 12:20:14
008,39.950364,116.364693,2008-11-08 12:20:16
008,39.950379,116.364659,2008-11-08 12:20:21
008,39.950407,116.36463,2008-11-08 12:20:26
008,39.950407,116.36463,2008-11-08 12:20:29
008,39.950404,116.364627,2008-11-08 12:20:31
008,39.950423,116.364598,2008-11-08 12:20:36
008,39.950435,116.364563,2008-11-08 12:20:41
008,39.950452,116.364518,2008-11-08 12:20:46
008,39.950525,116.364532,2008-11-08 12:20:51
008,39.95055,116.364555,2008-11-08 12:20:56
008,39.950555,116.364529,2008-11-08 12:21:01
008,39.950551,116.364515,2008-11-08 12:21:06
008,39.95057,116.364488,2008-11-08 12:21:11
008,39.950588,116.364441,2008-11-08 12:21:16
008,39.950597,116.364403,2008-11-08 12:21:21
008,39.950588,116.364371,2008-11-08 12:21:26
008,39.950593,116.364321,2008-11-08 12:21:31
008,39.950587,116.36426,2008-11-08 12:21:36
008,39.95059,116.364192,2008-11-08 12:21:40
008,39.950628,116.364165,2008-11-08 12:21:45
008,39.950627,116.364154,2008-11-08 12:21:50
008,39.950627,116.364154,2008-11-08 12:21:53
008,39.95062,116.364157,2008-11-08 12:21:55
008,39.950614,116.364166,2008-11-08 12:22:00
008,39.950614,116.364166,2008-11-08 12:22:03
008,39.950611,116.364158,2008-11-08 12:22:05
008,39.950616,116.364136,2008-11-08 12:22:10
008,39.950624,116.364135,2008-11-08 12:22:15
008,39.950624,116.364135,2008-11-08 12:22:18
008,39.95063,116.364136,2008-11-08 12:22:20
008,39.950663,116.364137,2008-11-08 12:22:25
008,39.950694,116.364091,2008-11-08 12:22:30
008,39.950703,116.364069,2008-11-08 12:22:35
008,39.950707,116.364039,2008-11-08 12:22:40
008,39.950724,116.364036,2008-11-08 12:22:45
008,39.950744,116.364032,2008-11-08 12:22:50
008,39.950772,116.364021,2008-11-08 12:22:55
008,39.950772,116.364026,2008-11-08 12:23:00
008,39.950774,116.364031,2008-11-08 12:23:05
008,39.950774,116.364031,2008-11-08 12:23:08
008,39.950781,116.36403,2008-11-08 12:23:10
008,39.950783,116.364039,2008-11-08 12:23:15
008,39.950783,116.364039,2008-11-08 12:23:18
008,39.950789,116.364043,2008-11-08 12:23:20
008,39.950825,116.36404,2008-11-08 12:23:25
008,39.950887,116.364057,2008-11-08 12:23:27
008,39.950899,116.364045,2008-11-08 12:23:32
008,39.950951,116.36404,2008-11-08 12:23:36
008,39.950984,116.364039,2008-11-08 12:23:41
008,39.950996,116.364023,2008-11-08 12:23:46
008,39.950998,116.364015,2008-11-08 12:23:51
008,39.950998,116.364015,2008-11-08 12:23:54
008,39.950998,116.364014,2008-11-08 12:23:56
008,39.950982,116.364027,2008-11-08 12:24:01
008,39.950984,116.36402,2008-11-08 12:24:06
008,39.950981,116.364014,2008-11-08 12:24:11
008,39.950981,116.364014,2008-11-08 12:24:14
008,39.950975,116.364007,2008-11-08 12:24:16
008,39.951047,116.363954,2008-11-08 12:24:20
008,39.951121,116.363904,2008-11-08 12:24:22
008,39.951175,116.363892,2008-11-08 12:24:24
008,39.951172,116.363838,2008-11-08 12:24:29
008,39.951173,116.363836,2008-11-08 12:24:34
008,39.951173,116.363836,2008-11-08 12:24:37
008,39.951177,116.363836,2008-11-08 12:24:39
008,39.951265,116.363885,2008-11-08 12:24:42
008,39.951325,116.363922,2008-11-08 12:24:43
008,39.951372,116.363951,2008-11-08 12:24:44
008,39.951429,116.363985,2008-11-08 12:24:46
008,39.951477,116.36404,2008-11-08 12:24:47
008,39.951518,116.364071,2008-11-08 12:24:48
008,39.95163,116.364144,2008-11-08 12:24:50
008,39.951696,116.364191,2008-11-08 12:24:51
008,39.951746,116.364245,2008-11-08 12:24:54
008,39.951772,116.36426,2008-11-08 12:24:59
008,39.951772,116.36426,2008-11-08 12:25:02
008,39.951768,116.36426,2008-11-08 12:25:04
008,39.951812,116.364302,2008-11-08 12:25:07
008,39.951826,116.364339,2008-11-08 12:25:12
008,39.951826,116.364339,2008-11-08 12:25:15
008,39.951826,116.364337,2008-11-08 12:25:17
008,39.951782,116.36432,2008-11-08 12:25:20
008,39.951814,116.364323,2008-11-08 12:25:25
008,39.951837,116.364309,2008-11-08 12:25:30
008,39.95188,116.364332,2008-11-08 12:25:33
008,39.951927,116.364378,2008-11-08 12:25:36
008,39.951952,116.364392,2008-11-08 12:25:41
008,39.951995,116.364418,2008-11-08 12:25:45
008,39.952043,116.364429,2008-11-08 12:25:47
008,39.952092,116.364451,2008-11-08 12:25:52
008,39.952137,116.36447,2008-11-08 12:25:56
008,39.952145,116.364465,2008-11-08 12:26:01
008,39.952145,116.364465,2008-11-08 12:26:04
008,39.952142,116.36447,2008-11-08 12:26:06
008,39.952182,116.364495,2008-11-08 12:26:11
008,39.952252,116.364487,2008-11-08 12:26:15
008,39.952284,116.364505,2008-11-08 12:26:20
008,39.952304,116.364489,2008-11-08 12:26:25
008,39.952408,116.364556,2008-11-08 12:26:27
008,39.952443,116.3646,2008-11-08 12:26:30
008,39.952552,116.36464,2008-11-08 12:26:32
008,39.952589,116.364641,2008-11-08 12:26:37
008,39.952589,116.364641,2008-11-08 12:26:40
008,39.952594,116.364648,2008-11-08 12:26:42
008,39.952603,116.364643,2008-11-08 12:26:47
008,39.952719,116.364594,2008-11-08 12:26:52
008,39.952792,116.364587,2008-11-08 12:26:53
008,39.952845,116.364576,2008-11-08 12:26:54
008,39.95289,116.364551,2008-11-08 12:26:56
008,39.952925,116.364543,2008-11-08 12:27:01
008,39.952928,116.364562,2008-11-08 12:27:06
008,39.952962,116.364572,2008-11-08 12:27:11
008,39.952979,116.364568,2008-11-08 12:27:16
008,39.952979,116.364568,2008-11-08 12:27:19
008,39.952987,116.364566,2008-11-08 12:27:21
008,39.953021,116.364575,2008-11-08 12:27:26
008,39.953043,116.364566,2008-11-08 12:27:31
008,39.953098,116.364562,2008-11-08 12:27:35
008,39.953135,116.364561,2008-11-08 12:27:40
008,39.953174,116.364542,2008-11-08 12:27:45
008,39.95318,116.364507,2008-11-08 12:27:50
008,39.953259,116.364535,2008-11-08 12:27:52
008,39.95327,116.364517,2008-11-08 12:27:57
008,39.953316,116.364513,2008-11-08 12:27:59
008,39.953364,116.364499,2008-11-08 12:28:02
008,39.953389,116.364487,2008-11-08 12:28:07
008,39.953446,116.364484,2008-11-08 12:28:12
008,39.953494,116.36449,2008-11-08 12:28:15
008,39.95355,116.364511,2008-11-08 12:28:18
008,39.953592,116.364537,2008-11-08 12:28:20
008,39.953661,116.364563,2008-11-08 12:28:23
008,39.953715,116.364577,2008-11-08 12:28:25
008,39.953776,116.36458,2008-11-08 12:28:29
008,39.953831,116.364604,2008-11-08 12:28:32
008,39.953876,116.364634,2008-11-08 12:28:33
008,39.953931,116.364655,2008-11-08 12:28:36
008,39.953978,116.36467,2008-11-08 12:28:39
008,39.954038,116.364678,2008-11-08 12:28:43
008,39.954092,116.3647,2008-11-08 12:28:46
008,39.954149,116.364731,2008-11-08 12:28:49
008,39.954185,116.364754,2008-11-08 12:28:54
008,39.954301,116.364338,2008-11-08 12:28:58
008,39.954266,116.364333,2008-11-08 12:29:02
008,39.954261,116.364364,2008-11-08 12:29:06
008,39.95431,116.364485,2008-11-08 12:29:08
008,39.954353,116.364553,2008-11-08 12:29:09
008,39.954377,116.364616,2008-11-08 12:29:11
008,39.954419,116.364643,2008-11-08 12:29:12
008,39.954473,116.364681,2008-11-08 12:29:14
008,39.954507,116.364723,2008-11-08 12:29:18
008,39.954545,116.364779,2008-11-08 12:29:23
008,39.954609,116.364796,2008-11-08 12:29:27
008,39.954627,116.364792,2008-11-08 12:29:32
008,39.954635,116.364801,2008-11-08 12:29:37
008,39.954658,116.364828,2008-11-08 12:29:42
008,39.954678,116.364846,2008-11-08 12:29:47
008,39.954691,116.364847,2008-11-08 12:29:52
008,39.954701,116.364856,2008-11-08 12:29:57
008,39.954701,116.364856,2008-11-08 12:30:00
008,39.954704,116.364863,2008-11-08 12:30:02
008,39.954702,116.364873,2008-11-08 12:30:07
008,39.954699,116.364854,2008-11-08 12:30:12
008,39.954737,116.364843,2008-11-08 12:30:17
008,39.954779,116.364828,2008-11-08 12:30:22
008,39.954805,116.364827,2008-11-08 12:30:27
008,39.954808,116.364829,2008-11-08 12:30:32
008,39.954808,116.364829,2008-11-08 12:30:35
008,39.954815,116.364835,2008-11-08 12:30:37
008,39.954877,116.36481,2008-11-08 12:30:40
008,39.954926,116.364801,2008-11-08 12:30:44
008,39.954972,116.364808,2008-11-08 12:30:47
008,39.955052,116.364815,2008-11-08 12:30:52
008,39.955117,116.364806,2008-11-08 12:30:55
008,39.955178,116.364827,2008-11-08 12:30:58
008,39.955234,116.364839,2008-11-08 12:31:00
008,39.955257,116.364825,2008-11-08 12:31:05
008,39.955292,116.364823,2008-11-08 12:31:10
008,39.95533,116.364813,2008-11-08 12:31:15
008,39.955355,116.364814,2008-11-08 12:31:20
008,39.955355,116.364814,2008-11-08 12:31:23
008,39.955358,116.364815,2008-11-08 12:31:25
008,39.955384,116.364829,2008-11-08 12:31:30
008,39.955394,116.364831,2008-11-08 12:31:35
008,39.955426,116.364854,2008-11-08 12:31:40
008,39.955463,116.364868,2008-11-08 12:31:45
008,39.955498,116.364851,2008-11-08 12:31:50
008,39.955547,116.364842,2008-11-08 12:31:54
008,39.955602,116.364852,2008-11-08 12:31:58
008,39.955651,116.36485,2008-11-08 12:32:00
008,39.955705,116.364835,2008-11-08 12:32:04
008,39.95571,116.364831,2008-11-08 12:32:09
008,39.95571,116.364833,2008-11-08 12:32:14
008,39.955714,116.364836,2008-11-08 12:32:19
008,39.955714,116.364836,2008-11-08 12:32:22
008,39.955719,116.364835,2008-11-08 12:32:24
008,39.955716,116.364826,2008-11-08 12:32:29
008,39.955756,116.36482,2008-11-08 12:32:34
008,39.95573,116.364818,2008-11-08 12:32:39
008,39.95573,116.364818,2008-11-08 12:32:42
008,39.955722,116.364825,2008-11-08 12:32:44
008,39.955762,116.364835,2008-11-08 12:32:49
008,39.955816,116.364835,2008-11-08 12:32:54
008,39.955852,116.364829,2008-11-08 12:32:59
008,39.955891,116.364837,2008-11-08 12:33:04
008,39.955892,116.36484,2008-11-08 12:33:09
008,39.955889,116.364837,2008-11-08 12:33:14
008,39.955896,116.364843,2008-11-08 12:33:19
008,39.955896,116.364843,2008-11-08 12:33:22
008,39.955894,116.36485,2008-11-08 12:33:24
008,39.955935,116.364875,2008-11-08 12:33:28
008,39.955976,116.364915,2008-11-08 12:33:29
008,39.956033,116.364947,2008-11-08 12:33:30
008,39.956113,116.364996,2008-11-08 12:33:31
008,39.956173,116.365036,2008-11-08 12:33:33
008,39.956238,116.365075,2008-11-08 12:33:35
008,39.956282,116.365073,2008-11-08 12:33:38
008,39.956336,116.365023,2008-11-08 12:33:43
008,39.956387,116.365003,2008-11-08 12:33:45
008,39.956426,116.364976,2008-11-08 12:33:50
008,39.95646,116.364935,2008-11-08 12:33:53
008,39.95645,116.364875,2008-11-08 12:33:57
008,39.95643,116.364808,2008-11-08 12:34:01
008,39.956419,116.364745,2008-11-08 12:34:05
008,39.956437,116.364724,2008-11-08 12:34:10
008,39.956435,116.364702,2008-11-08 12:34:15
008,39.956429,116.364649,2008-11-08 12:34:20
008,39.956438,116.364601,2008-11-08 12:34:25
008,39.956452,116.36456,2008-11-08 12:34:30
008,39.956466,116.364549,2008-11-08 12:34:35
008,39.956452,116.364513,2008-11-08 12:34:40
008,39.956454,116.364463,2008-11-08 12:34:45
008,39.95646,116.36442,2008-11-08 12:34:50
008,39.956466,116.364423,2008-11-08 12:34:55
008,39.956466,116.364423,2008-11-08 12:34:58
008,39.956471,116.364418,2008-11-08 12:35:00
008,39.956512,116.364394,2008-11-08 12:35:05
008,39.956489,116.364328,2008-11-08 12:35:10
008,39.956481,116.364271,2008-11-08 12:35:12
008,39.95647,116.364195,2008-11-08 12:35:15
008,39.956447,116.364097,2008-11-08 12:35:17
008,39.956451,116.364026,2008-11-08 12:35:22
008,39.956451,116.363963,2008-11-08 12:35:26
008,39.956477,116.363911,2008-11-08 12:35:31
008,39.956495,116.363893,2008-11-08 12:35:36
008,39.956497,116.363823,2008-11-08 12:35:41
008,39.956487,116.363747,2008-11-08 12:35:46
008,39.956482,116.363689,2008-11-08 12:35:49
008,39.956452,116.363609,2008-11-08 12:35:52
008,39.956444,116.363545,2008-11-08 12:35:54
008,39.956422,116.363492,2008-11-08 12:35:55
008,39.956403,116.363421,2008-11-08 12:35:58
008,39.956407,116.363374,2008-11-08 12:36:03
008,39.956387,116.363337,2008-11-08 12:36:08
008,39.956377,116.363337,2008-11-08 12:36:13
008,39.956362,116.363307,2008-11-08 12:36:18
008,39.956364,116.363251,2008-11-08 12:36:23
008,39.956378,116.363199,2008-11-08 12:36:28
008,39.956387,116.363139,2008-11-08 12:36:33
008,39.956418,116.363097,2008-11-08 12:36:38
008,39.956416,116.363043,2008-11-08 12:36:43
008,39.956418,116.363015,2008-11-08 12:36:48
008,39.956418,116.363005,2008-11-08 12:36:53
008,39.956418,116.363005,2008-11-08 12:36:56
008,39.95642,116.363,2008-11-08 12:36:58
008,39.956455,116.362958,2008-11-08 12:37:03
008,39.95646,116.362889,2008-11-08 12:37:07
008,39.956479,116.362853,2008-11-08 12:37:12
008,39.9565,116.362828,2008-11-08 12:37:17
008,39.956511,116.362761,2008-11-08 12:37:21
008,39.956523,116.362695,2008-11-08 12:37:26
008,39.956529,116.362611,2008-11-08 12:37:30
008,39.956542,116.362523,2008-11-08 12:37:35
008,39.956532,116.362462,2008-11-08 12:37:39
008,39.956494,116.362401,2008-11-08 12:37:41
008,39.956449,116.362319,2008-11-08 12:37:43
008,39.956425,116.362269,2008-11-08 12:37:48
008,39.956429,116.362236,2008-11-08 12:37:53
008,39.956376,116.362208,2008-11-08 12:37:58
008,39.956368,116.362167,2008-11-08 12:38:03
008,39.956365,116.362158,2008-11-08 12:38:08
008,39.956354,116.362099,2008-11-08 12:38:12
008,39.956322,116.362042,2008-11-08 12:38:16
008,39.956303,116.362004,2008-11-08 12:38:21
008,39.956303,116.362004,2008-11-08 12:38:24
008,39.956304,116.362001,2008-11-08 12:38:26
008,39.956307,116.361992,2008-11-08 12:38:31
008,39.95628,116.361943,2008-11-08 12:38:33
008,39.956288,116.361876,2008-11-08 12:38:38
008,39.956319,116.361824,2008-11-08 12:38:41
008,39.956315,116.361762,2008-11-08 12:38:44
008,39.956368,116.361737,2008-11-08 12:38:45
008,39.956398,116.361672,2008-11-08 12:38:48
008,39.956436,116.361617,2008-11-08 12:38:52
008,39.956453,116.361563,2008-11-08 12:38:56
008,39.956455,116.361495,2008-11-08 12:39:00
008,39.956437,116.361454,2008-11-08 12:39:05
008,39.956409,116.361407,2008-11-08 12:39:10
008,39.956411,116.361366,2008-11-08 12:39:15
008,39.956413,116.361361,2008-11-08 12:39:20
008,39.956413,116.361361,2008-11-08 12:39:23
008,39.956408,116.361365,2008-11-08 12:39:25
008,39.95641,116.361319,2008-11-08 12:39:30
008,39.956405,116.36128,2008-11-08 12:39:35
008,39.956395,116.361233,2008-11-08 12:39:40
008,39.956418,116.361207,2008-11-08 12:39:45
008,39.956408,116.36118,2008-11-08 12:39:50
008,39.956408,116.36118,2008-11-08 12:39:53
008,39.956402,116.361176,2008-11-08 12:39:55
008,39.956361,116.361099,2008-11-08 12:39:58
008,39.95635,116.36107,2008-11-08 12:40:03
008,39.956337,116.360999,2008-11-08 12:40:08
008,39.956341,116.360931,2008-11-08 12:40:12
008,39.956364,116.360863,2008-11-08 12:40:16
008,39.956404,116.360808,2008-11-08 12:40:18
008,39.956398,116.360741,2008-11-08 12:40:21
008,39.956415,116.360729,2008-11-08 12:40:26
008,39.956445,116.360678,2008-11-08 12:40:29
008,39.956468,116.360627,2008-11-08 12:40:31
008,39.95648,116.360551,2008-11-08 12:40:36
008,39.956477,116.360519,2008-11-08 12:40:41
008,39.956485,116.360454,2008-11-08 12:40:46
008,39.956494,116.360392,2008-11-08 12:40:49
008,39.956468,116.360314,2008-11-08 12:40:52
008,39.95643,116.360245,2008-11-08 12:40:54
008,39.956398,116.360171,2008-11-08 12:40:56
008,39.956375,116.360117,2008-11-08 12:40:57
008,39.956394,116.36002,2008-11-08 12:41:00
008,39.956378,116.359935,2008-11-08 12:41:02
008,39.956381,116.359873,2008-11-08 12:41:07
008,39.956375,116.359856,2008-11-08 12:41:12
008,39.956347,116.359773,2008-11-08 12:41:16
008,39.956322,116.359717,2008-11-08 12:41:21
008,39.956297,116.359648,2008-11-08 12:41:25
008,39.956299,116.359603,2008-11-08 12:41:30
008,39.95626,116.35958,2008-11-08 12:41:35
008,39.956248,116.359557,2008-11-08 12:41:40
008,39.956232,116.359536,2008-11-08 12:41:45
008,39.95619,116.359505,2008-11-08 12:41:50
008,39.956149,116.359443,2008-11-08 12:41:54
008,39.956122,116.359387,2008-11-08 12:41:56
008,39.956093,116.359342,2008-11-08 12:41:58
008,39.956054,116.359315,2008-11-08 12:42:03
008,39.956007,116.359288,2008-11-08 12:42:08
008,39.955968,116.359289,2008-11-08 12:42:12
008,39.955917,116.359306,2008-11-08 12:42:16
008,39.955863,116.359304,2008-11-08 12:42:20
008,39.955813,116.359315,2008-11-08 12:42:23
008,39.955756,116.359332,2008-11-08 12:42:26
008,39.955727,116.359376,2008-11-08 12:42:28
008,39.955705,116.359443,2008-11-08 12:42:30
008,39.955674,116.359489,2008-11-08 12:42:33
008,39.955644,116.359504,2008-11-08 12:42:38
008,39.955605,116.359515,2008-11-08 12:42:43
008,39.95556,116.35953,2008-11-08 12:42:48
008,39.955531,116.359529,2008-11-08 12:42:53
008,39.955503,116.359493,2008-11-08 12:42:58
008,39.955511,116.359465,2008-11-08 12:43:03
008,39.955504,116.359521,2008-11-08 12:43:05
008,39.955504,116.359521,2008-11-08 12:43:08
008,39.955509,116.359519,2008-11-08 12:43:10
008,39.955518,116.359457,2008-11-08 12:43:14
008,39.955539,116.359368,2008-11-08 12:43:19
008,39.955587,116.359313,2008-11-08 12:43:22
008,39.95557,116.359229,2008-11-08 12:43:23
008,39.955568,116.359158,2008-11-08 12:43:25
008,39.955545,116.359104,2008-11-08 12:43:27
008,39.955568,116.359039,2008-11-08 12:43:30
008,39.955628,116.358929,2008-11-08 12:43:32
008,39.955635,116.358882,2008-11-08 12:43:37
008,39.955587,116.358877,2008-11-08 12:43:40
008,39.955612,116.35879,2008-11-08 12:43:43
008,39.955608,116.358799,2008-11-08 12:43:48
008,39.955627,116.358749,2008-11-08 12:43:53
008,39.955604,116.358776,2008-11-08 12:43:58
008,39.955567,116.358808,2008-11-08 12:44:02
008,39.955537,116.358849,2008-11-08 12:44:07
008,39.955522,116.358871,2008-11-08 12:44:12
008,39.955474,116.358859,2008-11-08 12:44:16
008,39.955408,116.358865,2008-11-08 12:44:20
008,39.955376,116.358839,2008-11-08 12:44:25
008,39.955374,116.358842,2008-11-08 12:44:30
008,39.955374,116.358842,2008-11-08 12:44:33
008,39.955369,116.358838,2008-11-08 12:44:35
008,39.955331,116.358785,2008-11-08 12:44:39
008,39.95531,116.35876,2008-11-08 12:44:44
008,39.955267,116.358732,2008-11-08 12:44:47
008,39.955219,116.35869,2008-11-08 12:44:51
008,39.955182,116.358649,2008-11-08 12:44:53
008,39.955143,116.358623,2008-11-08 12:44:55
008,39.955107,116.358588,2008-11-08 12:44:59
008,39.955069,116.358575,2008-11-08 12:45:04
008,39.955064,116.358562,2008-11-08 12:45:09
008,39.955062,116.358533,2008-11-08 12:45:14
008,39.955062,116.358533,2008-11-08 12:45:17
008,39.955061,116.358532,2008-11-08 12:45:19
008,39.955051,116.358532,2008-11-08 12:45:24
008,39.955001,116.358486,2008-11-08 12:45:25
008,39.954952,116.35841,2008-11-08 12:45:27
008,39.954911,116.358376,2008-11-08 12:45:30
008,39.954871,116.358405,2008-11-08 12:45:31
008,39.954838,116.358357,2008-11-08 12:45:36
008,39.954804,116.358309,2008-11-08 12:45:39
008,39.954766,116.358258,2008-11-08 12:45:43
008,39.954726,116.358174,2008-11-08 12:45:48
008,39.954696,116.358117,2008-11-08 12:45:52
008,39.954678,116.358066,2008-11-08 12:45:57
008,39.954667,116.358039,2008-11-08 12:46:02
008,39.954678,116.358013,2008-11-08 12:46:07
008,39.954671,116.358024,2008-11-08 12:46:12
008,39.954663,116.35803,2008-11-08 12:46:17
008,39.954663,116.35803,2008-11-08 12:46:20
008,39.954655,116.358024,2008-11-08 12:46:22
008,39.954653,116.357919,2008-11-08 12:46:24
008,39.95463,116.357856,2008-11-08 12:46:25
008,39.954561,116.357768,2008-11-08 12:46:26
008,39.954565,116.357859,2008-11-08 12:49:21
008,39.954291,116.356634,2008-11-08 12:49:45
008,39.954004,116.357228,2008-11-08 12:49:47
008,39.953904,116.357462,2008-11-08 12:49:48
008,39.953741,116.357718,2008-11-08 12:49:49
008,39.953767,116.357689,2008-11-08 12:49:51
008,39.95382,116.357648,2008-11-08 12:49:53
008,39.953869,116.357652,2008-11-08 12:49:55
008,39.953927,116.357715,2008-11-08 12:49:57
008,39.953977,116.357733,2008-11-08 12:49:59
008,39.954022,116.357747,2008-11-08 12:50:01
008,39.954068,116.357743,2008-11-08 12:50:04
008,39.9541,116.357702,2008-11-08 12:50:07
008,39.954125,116.357634,2008-11-08 12:50:11
008,39.954151,116.357572,2008-11-08 12:50:14
008,39.954142,116.357494,2008-11-08 12:50:19
008,39.954136,116.357421,2008-11-08 12:50:23
